id,name,week_1_points,week_2_points,week_3_points,week_4_points,week_5_points,week_6_points,week_7_points,week_8_points,week_9_points,week_10_points,week_11_points,week_12_points,week_13_points,week_14_points,week_15_points,week_16_points,week_17_points
4429795,Jahmyr Gibbs,18.41926089,18.07282489,17.90393474,19.04724411,22.06789034,18.68644603,18.22083391,0.0,19.18648401,18.22949332,17.3913366,21.02343159,20.36686428,22.93498479,18.46290623,20.80132196,20.69315422
3117251,Christian McCaffrey,17.69015333,21.76924087,20.96811406,22.19312164,22.16820012,24.14610502,22.62776036,21.61087599,26.04956812,24.45646622,26.25430632,26.08197939,23.70412496,0.0,27.92552508,23.99800413,27.44547027
4374302,Amon-Ra St. Brown,17.19942211,16.9207149,19.48810455,17.40982617,17.7534111,18.88904453,20.15417689,0.0,19.32319039,22.31203452,20.18247554,20.19731014,20.58708704,22.39120715,20.35475885,20.22005121,20.0844542
4362628,Ja'Marr Chase,19.78357658,19.86424509,18.10377364,16.60410691,16.05840835,15.59222038,16.13554593,19.69722007,23.18449196,0.0,22.29884707,0.0,21.53218523,21.19438249,20.53974097,21.66338866,21.03536356
4430807,Bijan Robinson,19.74824915,18.11542229,20.99491069,19.75852748,0.0,20.65268981,22.72603495,26.72689227,20.20807951,20.62396885,20.60236562,21.66861759,20.70743462,18.81594537,20.79831673,20.68201518,18.04615849
3929630,Saquon Barkley,20.92061681,18.4605579,18.62032782,18.3630418,17.95098332,17.62759988,16.09449012,16.90038511,0.0,16.10317572,15.5289465,16.80428869,17.73780202,15.44836553,16.19370976,18.32868386,16.25343442
4426515,Puka Nacua,16.76543591,19.7324316,19.48267625,21.79569599,21.18046819,22.81078077,0.0,0.0,22.15143393,23.01980622,20.50041603,20.70657022,20.27135936,20.54766144,20.90733611,19.57775436,20.56952814
4241389,CeeDee Lamb,18.97814268,18.80456979,20.00302814,0.0,0.0,0.0,19.4100622,16.8527057,18.94938009,0.0,19.37373623,18.19867134,19.9732612,19.60452796,18.12355148,17.87994604,21.08270412
3918298,Josh Allen,20.83450195,21.76264579,23.95536956,22.67300284,22.29365337,20.30364572,0.0,20.25059646,21.45982368,22.5203512,20.69748337,19.12924607,20.78612533,25.96194227,20.53031696,19.55933995,20.98674211
4242335,Jonathan Taylor,18.03339673,15.56022228,18.71433732,18.95149213,22.57263382,23.50056274,24.37475421,25.64824318,23.36363236,21.24883701,0.0,20.52010792,20.29320488,20.82573899,19.57328829,23.41812414,21.74825324
4262921,Justin Jefferson,20.23054598,19.70478159,19.01112168,16.68078834,16.27748019,0.0,18.16616284,18.24734544,17.6604628,19.97683633,19.54829157,17.51377074,14.02094258,16.95549023,16.45940804,15.54125622,15.50937956
4361307,Trey McBride,15.00658727,15.60941689,16.09058799,15.29362001,15.46032864,14.23090697,16.27637718,0.0,18.7511667,17.16576017,18.94556952,17.87815587,17.38030136,15.87876928,15.30497518,16.88023551,18.56907312
4429160,De'Von Achane,17.68783435,18.68893847,19.34810302,19.76798061,19.63147988,20.42646865,21.54423779,19.60800774,22.15590709,21.48731845,27.88063615,0.0,24.49789583,23.90779734,22.81531881,27.89676061,25.06643255
4040715,Jalen Hurts,23.43107971,20.68844789,20.53210348,20.45953857,19.327883,20.45032142,19.85169944,21.82697754,0.0,21.44552315,21.64482672,22.41325479,23.33632252,19.7552993,21.60213007,24.56891651,21.83770641
4047365,Josh Jacobs,15.69768227,18.27101914,16.86782973,18.47921548,0.0,20.85102029,19.24877222,19.23991145,18.72596621,18.10354946,21.90200219,0.0,19.11764899,22.79490181,16.67922636,21.96130294,20.06013408
3916387,Lamar Jackson,22.00042418,22.76225026,23.63530932,22.75772162,0.0,0.0,0.0,0.0,23.44229375,23.59304988,19.67671237,21.17471182,21.3369265,17.38261594,20.99924463,17.23530976,16.56113625
4430878,Jaxon Smith-Njigba,14.66923626,14.44818482,15.45573092,16.45087497,15.88804837,17.93395318,20.04057226,0.0,24.49750639,21.99399485,22.97369085,21.34495845,21.90812349,23.44563163,24.24486367,22.80671622,23.10718493
4379399,James Cook III,14.62123362,15.37036143,17.23290701,18.02002551,18.42403321,16.56201969,0.0,15.23454583,15.57582834,21.01149148,18.50767369,15.77359046,17.9503542,22.70147115,17.55525855,18.10529906,17.63596116
3043078,Derrick Henry,16.05377246,17.91476449,16.47784189,16.85086206,15.14472346,13.97383169,0.0,16.13393388,16.00707441,15.81745793,14.6212083,17.11692228,20.17150386,16.29545557,19.33527922,15.98804396,14.92356358
16800,Davante Adams,14.45286668,15.13648467,16.47271337,17.25661984,15.66564306,17.29623372,19.27090844,0.0,16.14380527,16.47167969,15.70296068,16.77640041,16.51468653,16.72738329,16.997056,15.85560137,16.76389258
4258173,Nico Collins,17.43672114,16.90075293,16.86938933,17.78931859,17.48843388,0.0,17.65621741,0.0,16.51193521,15.73319118,16.35884043,16.44939414,16.44089061,16.6975999,15.91048797,15.38240552,14.95169675
4432665,Brock Bowers,15.30379238,15.87539415,14.92160475,14.50100143,0.0,0.0,0.0,0.0,12.69080292,15.78531127,17.18964411,15.1472896,14.58777402,14.06208096,14.96341141,13.99071384,16.15154996
3139477,Patrick Mahomes,19.81354612,19.41308041,19.81082513,19.30281305,17.66096535,20.0523983,22.03344846,24.46158408,23.27994134,0.0,18.01846912,21.06533733,21.63481201,17.36838316,18.85659445,21.02442218,17.28403887
4430737,Kyren Williams,15.74268265,18.23152751,15.50513793,16.49848611,15.84400035,19.68574779,16.53701295,0.0,15.84905105,15.58884509,13.89405566,14.97840505,13.96758151,14.21609417,13.38843832,12.27371113,14.20020683
3040151,George Kittle,13.62690782,0.0,0.0,0.0,0.0,0.0,13.0045705,10.76923529,13.11736406,11.59502588,13.8574938,15.19979176,14.004313,0.0,15.26036256,15.61001859,15.65196098
4890973,Ashton Jeanty,17.52979457,17.29253319,15.39690764,15.46332744,14.97402425,18.1795616,16.41308132,0.0,15.07317815,13.88193124,18.82419853,15.28243284,15.50941481,13.74301706,14.47642765,13.90456728,20.1969899
4426502,Drake London,16.01181895,15.39439388,15.54163752,14.58278969,0.0,15.55623147,16.77030439,0.0,18.11087427,19.82591428,18.76357375,0.0,0.0,17.18730339,18.7377603,18.21062625,17.25225929
4047646,A.J. Brown,16.58037854,15.80231002,14.77924101,15.0815446,13.68191821,14.07840034,14.89603029,0.0,0.0,17.1642835,15.70340964,16.27169392,16.77402975,15.07532754,15.40508125,17.79568619,16.21755556
4428331,Rashee Rice,0.0,0.0,0.0,0.0,0.0,0.0,13.72819717,17.24967624,18.44791434,0.0,16.44858563,17.65288072,18.12392665,15.56273269,16.0389714,17.56985151,15.53178076
4426354,George Pickens,13.21291677,11.79262238,12.97368592,14.50197603,16.47797194,16.31251735,15.75966709,14.29941537,14.27449471,0.0,14.70270288,16.56932084,19.04052863,18.72052488,17.32748185,17.13349079,19.9992288
3953687,Brandon Aubrey,8.24294869,8.38754453,8.73487584,8.02232941,8.63052769,8.97374007,9.1969292,8.75161943,9.15283684,0.0,8.86981985,8.71934061,8.78530502,8.81700953,8.98097111,8.8606377,9.19189733
4567750,Emeka Egbuka,13.45588056,14.01739261,11.4622905,14.89475845,14.22714488,16.67934246,12.79536681,16.86297175,0.0,15.62796242,16.55411146,16.83996858,14.0311943,13.75808882,14.03075986,13.86648239,14.48814311
4431459,Tyler Warren,9.91652052,10.81437986,11.62456954,11.94929359,11.23463341,10.58723976,12.44897911,12.96114752,13.64573684,12.44376179,0.0,14.7655975,13.29403696,13.98983335,13.86424807,15.1081907,13.85250072
4361579,Javonte Williams,11.31605511,14.07023426,16.13914133,13.88109225,16.65289641,16.46448057,17.64484721,16.17236315,16.19299295,0.0,16.0661968,14.24147336,15.12106508,14.96638904,16.67529157,16.54596593,18.80562011
4612826,Ladd McConkey,15.12293239,14.22627051,14.57488141,12.17309971,12.8440805,15.79563776,14.02115982,14.84083387,16.08931425,15.27365189,15.25018722,0.0,13.17871614,13.09755936,14.30782512,14.69294538,12.30325027
4431452,Drake Maye,17.97164124,17.71685913,18.01319683,17.25452484,18.73157935,17.89997809,19.93666141,18.20841385,20.61623996,20.77372134,22.42266038,24.95807761,22.36594674,0.0,21.04035821,19.33300206,19.56990067
15847,Travis Kelce,11.78566509,12.27631822,11.35715853,11.33533681,9.20272041,11.16913959,10.75530805,10.92485251,12.09785929,0.0,10.03326974,11.84040676,11.71798298,9.99413957,10.22486712,11.2813108,10.00635819
4242355,Jake Ferguson,8.98692041,9.48366347,11.38684345,11.6382081,11.98528475,14.94110353,13.7693281,13.14822681,11.32453436,0.0,10.77804021,9.80602506,10.94910146,10.70755394,9.97370887,9.78061207,11.57920807
4362238,Chase Brown,17.6154692,17.88965815,16.63399169,13.981926,13.91378642,13.60952123,11.41189361,12.30608162,12.96975057,0.0,14.68575699,15.52626184,15.66823954,16.61561589,16.16527046,17.41991134,17.43977509
4239993,Tee Higgins,15.47328169,14.06940898,12.04719936,11.40461439,12.79460757,11.51827696,10.98771112,12.43152386,12.91191387,0.0,13.57202704,15.692014,0.0,13.44197473,13.05789431,13.80545348,13.42233007
4427366,Breece Hall,12.60138067,15.36173693,15.93504395,16.09747861,18.09761975,15.53500693,16.22788381,18.04707502,0.0,14.36933829,13.78143898,14.23471721,16.26501806,16.86470349,14.25704448,15.3731099,14.84541902
4038815,Rico Dowdle,4.98799409,5.9387482,5.96145996,6.93226239,14.53651407,17.81312412,14.6421109,12.74763484,11.65707535,18.22333087,19.44007813,18.68989632,15.1985788,0.0,17.37241938,18.43318961,15.98312044
4047650,DK Metcalf,13.53232418,14.7111904,14.51231317,12.39011084,0.0,13.23424878,15.8316622,14.69465484,15.95849763,13.29790737,12.55522442,13.73042766,13.30941063,12.91247802,13.54189469,13.53754583,12.11061408
4429615,Zay Flowers,14.56316758,14.12301346,15.9386431,14.3505405,13.04690337,13.87533978,0.0,12.79795233,16.13147196,15.63157346,13.11048009,13.19874408,14.1422833,13.29652641,15.39758332,13.64952433,13.63189002
4596448,Bucky Irving,17.27660191,15.93458658,17.89395437,17.45930406,0.0,0.0,0.0,0.0,0.0,0.0,0.0,0.0,11.78133977,16.06476151,16.48408618,15.67398607,16.51291665
4241478,DeVonta Smith,13.41990896,12.58476695,12.45250516,11.80137489,10.61158794,12.2273087,12.45515542,16.66114582,0.0,14.89249912,15.26823947,14.75934367,15.37117783,13.85820339,14.09362455,16.28395579,14.90303286
4432710,TreVeyon Henderson,14.31654947,12.62403584,8.7933269,7.45745736,8.60295251,11.37136213,11.54886902,8.34480974,11.66073233,13.22959567,14.03006942,14.46658158,16.71110117,0.0,14.36222217,12.97184181,13.82175642
4361370,Chris Olave,12.41794791,12.54821116,12.61860999,15.08932023,12.78986693,14.60685084,15.60451581,16.86680989,14.44156928,14.57494611,0.0,17.02300993,15.85281062,15.90858784,15.13415021,14.66687926,16.00810921
4372016,Jaylen Waddle,12.94704322,13.19598942,12.68159744,12.32205026,13.70807299,15.87296716,14.42127367,13.07436955,15.08431067,14.12103371,16.80198013,0.0,14.41170326,13.94612269,14.04901181,16.1290235,14.95222842
4259545,D'Andre Swift,12.6414126,14.14432421,16.17538051,15.21798662,0.0,14.48064817,15.69867971,14.99985527,0.0,13.59317428,14.6664785,14.8127516,11.39892917,11.65273757,12.49478174,12.1061169,12.94682365
4035687,Michael Pittman Jr.,12.00742697,11.76724388,10.50425302,11.62834222,13.19823088,12.79302623,12.74223058,13.77571152,16.31363808,14.99463175,0.0,15.55749647,13.31810895,14.10886542,13.95326492,15.37472243,13.97733042
4569987,Jaylen Warren,14.19640998,14.80798948,16.13279059,0.0,0.0,16.01664479,16.55533747,16.27109993,15.8028633,15.27442262,18.98066972,14.38100827,13.79734655,12.08289664,14.23372392,11.78741954,12.10663075
4038941,Justin Herbert,16.55577426,17.63030238,18.42705376,18.61780441,20.82429036,20.11077855,17.75756045,20.05668456,21.62898828,20.12672663,19.56706361,0.0,18.17071832,16.91370933,17.12176409,19.59920137,15.12620833
4431299,Rome Odunze,12.30134203,13.51105244,15.32859059,15.43451498,0.0,16.09496936,14.17656101,13.21767436,14.94081342,13.29441726,14.57380473,13.35168858,13.50881646,13.61918199,12.76679572,13.54519774,14.8790707
4685472,Tetairoa McMillan,13.87354367,13.48957687,13.184876,14.19775937,14.21236189,14.56631688,12.49863836,13.41955235,12.87874941,12.2253391,13.46685642,16.32331851,13.24361584,0.0,14.01200927,14.72330347,13.34968169
2976212,Stefon Diggs,12.14842181,10.06259509,10.44953778,7.78668077,12.86930676,13.73145297,13.62610549,12.82757745,13.12968638,13.96770722,13.88955839,16.54753988,13.58003497,0.0,13.54187643,13.25944255,12.87665697
4567048,Kenneth Walker III,15.01457351,11.0338452,16.4215177,12.73173363,14.62547024,13.89794494,11.02576927,0.0,12.01840206,12.50553733,10.71855353,13.80563266,13.8851478,14.0906932,13.08102769,12.05332194,13.84369987
-16026,Seahawks D/ST,4.84232901,5.83865459,6.86666812,6.7765722,5.77216059,5.08913482,5.82884098,0.0,6.1025101,6.5951265,3.79492032,7.07807253,8.53268545,6.40784209,5.07265355,4.05311005,7.13674179
4689936,Jake Bates,8.53641686,8.53926409,8.47518213,8.5761859,9.18917039,8.68684125,8.82489138,0.0,8.7816147,8.80929211,8.42735249,8.93016234,8.59705814,9.08771399,8.06563628,8.71409382,8.58483828
4432708,Marvin Harrison Jr.,13.91567827,13.98747678,12.72544152,11.30630894,12.85365422,11.95034355,12.49095746,0.0,13.25907949,13.30212418,0.0,0.0,13.7042234,13.5900821,13.06474916,14.61796384,16.18391171
3128429,Courtland Sutton,13.39903851,13.72734579,12.57297372,13.72250716,12.89949693,13.3020656,12.75498584,13.74574534,13.02263769,13.29697422,13.23815513,0.0,13.70022338,11.83887176,11.7851872,11.73466778,12.76805897
4685702,Quinshon Judkins,0.0,3.0194897,9.42943577,13.98065267,14.58257335,13.795272,16.29581483,12.36229323,0.0,15.10437188,14.06457137,13.94342398,12.52983399,14.62562439,12.93063658,12.89690653,11.53561505
4035538,David Montgomery,12.33132173,13.09380433,12.84264606,12.27182825,12.85037105,12.79314281,11.80270479,0.0,12.73806656,13.93507109,10.32158281,13.01003297,10.52475651,12.01137437,9.41418473,10.77776467,10.68312454
3121023,Dallas Goedert,9.42159928,0.0,8.93741843,8.53911296,8.33931788,9.58194555,11.69403888,12.38600402,0.0,10.80796639,11.11099219,11.28920695,10.79171565,9.75189906,9.93176008,11.46260076,10.44545765
-16007,Broncos D/ST,7.76205728,7.46104677,4.30124945,7.90922904,5.5306195,7.02552392,7.29264056,4.15091464,6.29293892,8.23833951,5.8305791,0.0,7.25763428,8.92777132,5.70462994,7.92301246,5.92625224
3052587,Baker Mayfield,19.02224083,17.06845113,18.58739811,17.50964619,15.68203777,19.27132013,19.31801172,18.37853805,0.0,16.13192701,17.35321866,14.56009867,15.45420309,15.16781922,15.53982036,15.0761804,15.38828142
17372,Chris Boswell,8.02317085,8.24074692,8.25276644,7.88322261,0.0,8.25758815,9.0175782,8.69523451,8.62159192,8.25149099,8.96715616,8.3151352,8.42228417,8.0231336,8.4099894,8.1651437,7.80010241
4239996,Travis Etienne Jr.,10.29738969,13.56658258,12.73034348,11.06672987,13.9131977,14.84421535,13.37229347,0.0,13.68102789,12.68241202,14.55059447,13.5890271,14.94383327,12.60638159,13.96867713,10.8492805,12.11735208
3126486,Deebo Samuel,11.91126252,13.20091008,12.61856364,13.99033049,14.47010451,16.85856722,0.0,13.70236438,14.43105455,13.98046065,13.88552369,0.0,11.55304794,12.15012957,12.28296844,11.32647125,12.5856993
4685382,Omarion Hampton,14.72817806,15.7236837,12.20743689,16.73687134,18.61518897,0.0,0.0,0.0,0.0,0.0,0.0,0.0,12.33129144,13.46222455,13.11429297,15.35032831,13.10878724
2577417,Dak Prescott,16.5299373,16.78641875,18.46034196,14.08181179,16.83844168,18.80123973,21.79197114,18.25716942,18.8124991,0.0,17.86265331,17.70881191,19.38940008,19.40306983,19.13456001,18.35462379,22.28734301
3054850,Alvin Kamara,15.73826001,15.02503169,15.43540657,14.16716229,16.0957907,13.6684422,15.4176352,14.32749929,11.39871194,12.21042376,0.0,13.74615193,0.0,11.9133591,11.87203643,11.77189604,12.959008
4432773,Brian Thomas Jr.,16.33656031,16.68459437,15.33828747,14.65525145,13.01796995,13.70674863,13.94107528,0.0,13.90869958,0.0,0.0,0.0,11.84879962,11.78203609,10.80521686,10.41031259,11.8621816
12483,Matthew Stafford,14.92738863,16.97393391,15.97056845,16.00005845,15.86070246,19.87876149,17.14675189,0.0,18.21305151,19.54187726,18.04503015,19.6373592,18.90660033,18.94545711,19.52008116,16.98775312,18.99515626
4426388,Jameson Williams,12.91646091,12.9854214,12.91316417,10.6598057,11.83629217,10.70176633,13.19697312,0.0,10.99972661,12.07815026,12.59293328,12.87686575,11.83552511,12.88108441,11.66898578,11.64690738,11.57330841
3917792,Daniel Jones,17.14242658,16.49264105,18.19397405,17.63199603,18.2633242,17.16691946,18.37875168,20.67538998,21.72112593,19.95281178,0.0,19.93395288,17.22261122,18.41518716,17.70551691,21.03954663,18.79028027
4426338,Bo Nix,18.52411248,16.60374515,16.03573013,18.15799656,16.09125063,19.45534986,16.69425296,21.18655071,16.63216276,19.11600732,17.52846911,0.0,20.27630796,17.18222562,16.01224425,16.45505305,16.53934496
4683062,Xavier Worthy,17.03025027,0.0,0.0,12.03059835,15.0409469,15.3821447,13.41679143,12.54882019,11.98681065,0.0,11.44722953,11.34561313,10.97672039,9.30207461,9.61848201,10.66016328,9.29396941
3116365,Mark Andrews,11.87558285,9.20744807,9.33971852,9.1906014,8.92161205,9.36249541,0.0,8.5931131,9.88210071,9.6406852,9.03754213,10.03601514,12.01548624,9.46092481,10.8756767,9.6075737,9.52245879
4569587,Wan'Dale Robinson,9.70255026,10.00695743,11.6475505,9.58375739,10.65313185,11.60036899,11.34912049,13.15603929,13.14604416,14.07931085,14.85655621,14.09596314,13.90093015,0.0,15.67685956,13.34167295,13.60398377
-16034,Texans D/ST,5.90158976,5.84609567,5.2378239,7.19691833,5.53881749,0.0,5.24143445,6.75957356,5.488908,6.77038401,7.68078102,5.26525573,5.25366582,5.31709851,8.00899504,9.72782836,7.72736918
15818,Keenan Allen,11.0110401,12.91283953,13.3649966,13.5745717,14.59619123,16.28019426,13.51783969,15.99496103,13.95630351,12.53940564,12.12832902,0.0,11.9968805,11.84332521,12.9611672,13.35290233,11.08995498
3042519,Aaron Jones Sr.,12.53131158,13.46203362,0.0,0.0,0.0,0.0,0.0,10.32189581,10.70448355,11.41612087,14.06856433,13.5337635,12.53763406,16.55377583,14.86293028,16.60856914,13.56264546
4431611,Caleb Williams,15.46510328,16.8710434,19.15325788,19.57653934,0.0,19.74562873,19.07091652,18.39849916,20.10884442,18.47628607,19.54733554,17.72722326,17.40090881,17.08172671,16.90324035,17.49105965,19.48558259
3915511,Joe Burrow,19.98439198,0.0,0.0,0.0,0.0,0.0,0.0,0.0,0.0,0.0,0.0,0.0,17.87704471,19.14486271,18.45392022,19.10492863,19.27822008
4569618,Garrett Wilson,13.17477269,15.03543396,15.66178416,15.66242782,15.96350274,14.90799234,0.0,0.0,0.0,13.73238714,0.0,0.0,0.0,0.0,15.4330858,15.81478678,15.60698787
4362081,Cameron Dicker,8.39642132,8.48211902,8.38176831,8.68417686,8.82505665,8.68927442,8.16151684,8.43739418,9.08886803,8.75782157,8.72018463,0.0,8.51375996,8.081982,7.94617824,8.45498966,7.90136519
3886598,Jauan Jennings,12.52552049,11.75743622,0.0,9.79536977,0.0,11.08702159,8.88703427,9.04453336,12.04480504,11.87950439,14.22100012,14.04748128,12.20048594,0.0,13.61273225,13.7355924,13.90378203
4568490,RJ Harvey,12.8078662,7.19474211,6.68180983,7.91635509,8.27656311,8.1170715,8.03539421,7.24682372,7.03057673,8.17784614,12.7731708,0.0,14.60878295,12.52428631,12.05544952,12.22150438,11.61292004
4429205,Jordan Addison,0.0,0.0,0.0,10.76150253,10.82103374,0.0,11.92284353,12.71433044,12.55342819,12.78815989,12.77294619,11.91268454,8.56099344,10.53946999,10.15449599,9.60597609,9.554622
4360516,Tyrone Tracy Jr.,13.34324133,14.20970202,10.07571785,0.0,0.0,6.35074799,4.30202551,5.27558183,14.4274802,12.47329543,12.55713302,12.85719954,12.50346481,0.0,15.72238077,13.35879085,13.07951693
4373678,Khalil Shakir,11.73972256,11.68824409,11.10459251,9.16807049,10.21308315,9.97583175,0.0,11.69725428,12.76398418,12.70905035,12.8706936,11.51978548,12.21715165,13.5854636,12.55729027,11.69902288,12.23519424
3046439,Hunter Henry,8.82135715,9.68403206,9.07722669,11.17291579,11.12458598,10.29294297,9.3498361,9.37327701,9.11395228,10.65495342,10.0094459,11.45388044,11.24804119,0.0,11.19891013,11.00388695,10.74237583
4689114,Jaxson Dart,0.0,0.47762466,0.40179155,14.02495819,16.18062124,13.77430154,13.78124455,17.84487929,21.10028984,22.07271923,0.0,0.0,18.83782626,0.0,24.13198805,20.25124217,20.19872662
3046779,Jared Goff,15.27788528,15.31929496,16.42759101,15.10711684,16.70405687,15.83661298,16.83040045,0.0,16.7008392,18.67265905,16.24539484,17.75053788,15.91496493,18.73624128,14.46464195,16.34474137,16.38806373
3915416,DJ Moore,13.47367057,13.93330078,12.94480937,12.82613411,0.0,11.70774948,10.51556846,10.34754423,13.09070382,11.54885937,9.56293524,8.54790629,9.57972411,9.67431295,9.17948651,9.66324387,10.5973061
-16017,Patriots D/ST,6.52547773,4.09483323,5.64057312,6.39295789,2.47726402,5.88713439,6.72014293,5.70973083,4.69040323,4.53871274,7.29469003,5.8516285,5.94716027,0.0,4.4691512,5.16001701,7.67056254
3121422,Terry McLaurin,13.77916979,13.98713027,12.86694567,0.0,0.0,0.0,0.0,11.83524023,0.0,0.0,0.0,0.0,10.99458832,11.47883605,11.35337714,10.69868194,11.83097676
4429025,Quentin Johnston,6.35507853,11.53230893,12.65985436,13.84609057,17.47591188,0.0,14.90058558,13.48765107,12.31912389,11.69348466,12.54823098,0.0,10.01176945,9.88362837,10.74066121,11.0598631,9.29226144
4569173,Rhamondre Stevenson,11.21135969,11.62987457,11.85568178,11.07786447,10.10600459,13.06753283,13.25210048,12.36326376,0.0,0.0,0.0,14.0750894,11.74726418,0.0,10.00527689,8.92779977,9.59352984
4430027,Sam LaPorta,0.0,0.0,0.0,0.0,0.0,0.0,0.0,0.0,0.0,0.0,0.0,0.0,0.0,0.0,0.0,0.0,0.0
-16008,Lions D/ST,5.92186452,5.59927867,2.64696583,7.20837498,7.17555995,4.88152871,3.92891305,0.0,8.03738638,7.06251422,5.49616936,7.66440905,4.26304251,3.85811353,2.94337628,6.68143918,8.27049467
4361741,Brock Purdy,16.85459745,0.0,0.0,17.30023962,0.0,0.0,0.0,0.0,0.0,0.0,19.00213562,20.38537722,15.83232966,0.0,19.47276633,17.7965866,19.33556741
4360248,Kyle Pitts Sr.,9.10447296,8.42613418,9.45242834,8.70632444,0.0,9.09074521,8.74332499,10.83268418,10.92092036,11.78888914,10.3343733,10.86156283,11.42052791,9.50924814,10.45093533,10.15726758,9.5955411
3150744,Chase McLaughlin,8.73776764,8.30586982,8.57118224,8.13697422,7.93252287,8.76820049,8.5829021,8.37145038,0.0,8.18067098,8.18774614,7.75486297,8.01404775,8.05067073,8.02827511,7.91405342,7.91718452
4595342,Oronde Gadsden II,0.0,0.0,1.70924752,5.67161622,5.72737074,6.45460483,7.56162246,11.05140961,11.29544836,11.48200291,10.53431242,0.0,10.62297458,10.57316916,11.51575386,11.75856677,9.98182895
4429059,Woody Marks,5.31728569,3.16526853,5.95103988,8.72086337,12.04824974,0.0,9.11942161,10.84661315,9.7798104,10.15524064,13.86355451,13.63384299,11.83226378,11.63064731,14.20331515,13.68335981,12.83996232
4036378,Jordan Love,14.92023319,17.62267685,15.99942502,18.59558067,0.0,19.33856814,17.35772048,17.15280819,18.08753081,16.98730399,16.33848409,17.4114783,15.73011473,16.81077031,13.27447126,16.57639398,15.29707844
-16014,Rams D/ST,5.60232673,7.42962183,5.21551196,5.65719704,6.96373633,6.21255099,6.69667136,0.0,8.17763883,6.38741702,5.41594116,5.65663089,7.49586498,7.28594657,5.24278837,5.69026669,7.30119904
4697815,Rachaad White,7.80132638,6.86765586,7.20857578,5.57143566,13.73407297,17.07121428,18.00134121,16.89561983,0.0,16.16266526,14.17285413,10.86582863,6.34014568,5.73128515,5.8770395,5.63235547,5.93220292
4697745,Tyler Loop,8.22132987,8.75110056,8.73629553,8.51487844,7.768783,7.516352,0.0,7.8780527,8.53695813,8.60690161,7.85333546,8.69699051,8.7316287,8.16137501,8.5502568,8.06157449,7.86848494
4036133,T.J. Hockenson,11.28851267,11.1757177,10.10281009,10.11887357,9.06333147,0.0,9.47850285,10.15545531,9.53066708,9.5854527,8.54943311,8.15940645,6.64729243,8.02146717,7.74012371,7.25700992,7.25783069
-16009,Packers D/ST,3.93013944,5.06626311,8.07639174,6.73289035,0.0,7.76354732,5.93202429,5.38608859,6.26453811,4.9922106,8.11919544,7.47970092,3.93856703,3.81539198,5.40373901,4.15466879,5.78712359
3916148,Tony Pollard,12.8788736,14.4020375,14.68315173,13.67343319,11.99214006,12.65824985,10.03515113,9.74141391,9.7719565,0.0,9.29740601,9.99921193,10.26447652,10.06201895,10.93430413,10.04624287,11.10165792
4361432,Romeo Doubs,8.36201185,9.76388503,10.38748893,10.54054912,0.0,10.85443612,12.44463845,12.21079761,11.59780714,12.84428435,11.89728563,12.36126501,10.34803706,10.44801386,9.2131268,10.54604035,9.77505834
2473037,Jason Myers,8.25490288,7.51405215,8.06959081,7.80018322,8.069544,8.19422546,8.05653715,0.0,8.47205266,8.48515747,8.10843882,8.50367041,8.49965743,8.3371495,8.43590177,7.97140654,8.3901513
-16005,Browns D/ST,4.29914125,2.65875931,4.3977188,3.44687139,7.38285619,6.56307459,5.58183895,5.30886884,0.0,6.49701157,5.07517192,7.72402311,5.16469447,6.86474047,4.16657863,4.98322144,6.69219503
4426348,Jayden Daniels,20.96000492,20.76748321,0.0,0.0,18.95132437,22.57894032,23.5702224,0.0,19.54092768,0.0,0.0,0.0,0.0,0.0,21.09605037,17.57475159,20.49273566
4569923,Andy Borregales,7.84703926,7.90885016,7.82882634,7.66941072,7.86855864,7.95189003,8.36534786,8.08920178,8.48182627,8.21970382,8.86168672,8.96164495,8.81498346,0.0,8.48245755,8.08820275,8.42410286
3916433,Jakobi Meyers,12.80385758,14.1564907,14.66227912,14.95665473,13.95311816,13.18779584,0.0,0.0,11.5112713,8.49078692,9.71104889,10.42302815,10.23407001,10.15975987,9.33123742,8.96905273,10.2243175
4385690,Dalton Kincaid,8.75001436,7.53867191,8.71978861,9.14934674,7.96321765,0.0,0.0,9.80035669,8.98448286,9.78929279,0.0,0.0,9.63274231,10.68562038,9.88611917,9.27174961,9.63908663
4360761,Michael Wilson,6.71770368,7.44738355,7.14849436,6.15982158,7.12686417,6.81041183,6.62575382,0.0,8.04164387,7.07055105,10.62209387,13.01289394,11.54419133,10.43483852,10.02222907,11.20513197,12.44245998
-16033,Ravens D/ST,3.89555584,7.80670299,3.31887815,4.07226228,3.97057455,2.51769959,0.0,2.8761968,5.34135615,6.13949327,6.250684,6.59582369,5.6821293,5.97775683,5.47515792,4.6922484,3.84062458
4431280,Troy Franklin,4.70673007,7.11423265,10.83946703,10.36019498,10.66093938,9.95098435,8.32133999,10.8519838,10.60418773,12.34834768,12.84375365,0.0,12.90707806,11.82605268,11.77390276,11.73179152,12.63941676
-16024,Chargers D/ST,3.75178248,5.79159175,6.11743765,7.54556758,5.25792291,4.68613332,3.67040667,5.76771029,6.98177266,5.60033706,7.17911852,0.0,9.1758768,5.07526823,4.33839016,3.8897716,5.76840377
4426385,Zach Charbonnet,8.59309448,10.14035512,0.0,9.29150623,9.2037512,10.71739642,9.70444366,0.0,11.14653654,9.88582368,8.51786995,9.82396633,8.41242669,8.43953316,7.80390494,7.03858034,8.3142763
4241463,Jerry Jeudy,14.85999614,13.56194044,12.04367662,11.2714386,10.06888911,9.67706171,11.69984112,11.1074059,0.0,9.5873554,10.54114799,9.93534091,10.02490563,9.72708766,9.85167686,9.30787954,8.83392038
3055899,Harrison Butker,8.26370533,8.25692744,8.24197039,7.9115725,7.69077772,8.09626666,8.71109417,8.82163785,8.6241051,0.0,8.07985768,8.56713931,8.65356938,8.12986501,8.42096285,8.67914017,8.14497079
4371733,Kenneth Gainwell,6.47411447,8.80679747,10.65693325,11.45013598,0.0,11.91590718,13.06251556,10.40167239,9.91659235,8.91101441,9.57670517,10.53279681,13.13280554,12.18197531,13.52756719,12.31260049,11.87901785
4887558,Emanuel Wilson,3.14981133,1.55709795,0.79696874,2.93640308,0.0,4.08821956,3.50742138,4.62842281,7.18672752,6.51555328,5.80944232,14.5314294,5.16812797,6.0338604,4.57150538,5.87484234,5.36005004
4428209,Ricky Pearsall,13.02818723,13.21229962,12.11396403,12.94769104,0.0,0.0,0.0,0.0,0.0,0.0,9.29491669,10.30814635,8.86962144,0.0,9.89662253,9.96796234,10.10583461
3050478,Jake Elliott,8.64353922,8.2823691,8.5464843,8.2914906,8.0915639,8.31904985,7.99770412,8.41690817,0.0,8.35659596,8.44411766,8.37922066,8.38586295,7.88419103,8.36825383,8.39156328,8.09847066
4361529,Isiah Pacheco,12.83776016,10.90591089,11.05263445,9.18932807,7.74079075,8.93241097,11.49125189,11.42340257,0.0,0.0,0.0,0.0,9.74021369,8.48342598,9.41582018,10.53335523,7.9479752
4241416,Chuba Hubbard,15.38728835,15.60725599,14.69250054,13.50456907,0.0,0.0,8.54587978,11.9512192,7.78916555,6.18412029,5.18549299,4.84684421,6.0192293,0.0,6.79834424,7.22194454,6.2751879
4430968,Kimani Vidal,0.0,0.0,0.0,0.0,0.0,9.51131616,12.19871192,12.7403058,15.63112961,11.65140812,12.76131936,0.0,5.89165946,2.8393606,2.60827577,3.28328907,2.80034041
4032473,Rashid Shaheed,10.62019167,11.32952399,10.12376627,9.6475779,9.27191675,10.03419601,11.28271562,12.16513142,10.83362348,10.38678816,9.57755776,7.83639531,7.88077161,8.29807725,8.45137178,7.87534229,8.17281097
3059915,Kareem Hunt,5.88681158,9.13274825,9.68317254,8.31671992,6.01714383,6.69826407,7.09284224,7.03129136,9.65752727,0.0,10.89101369,13.54407358,9.32118778,7.95120879,8.9915076,10.11609458,7.46026271
-16023,Steelers D/ST,8.27423407,7.64627302,5.8141659,7.54999597,0.0,7.6808574,7.85796708,3.56297501,3.14582929,5.31226756,6.30141224,4.26245859,4.68098784,4.87688648,6.75666494,4.03727536,8.24196737
3116165,Chris Godwin Jr.,0.0,0.0,0.0,10.70817693,13.22162759,0.0,0.0,0.0,0.0,0.0,0.0,7.49268718,8.20223696,8.04183299,8.20862554,8.09569018,8.49744826
3123076,David Njoku,11.25117069,10.48949792,9.40349404,9.26992334,8.11114364,9.88053633,0.0,10.24479457,0.0,9.15375183,8.2539292,6.65839818,5.65007291,5.4814081,5.57112131,5.2783486,5.03970724
4429275,Trey Benson,7.90662805,9.86260807,8.89449206,13.71517819,0.0,0.0,0.0,0.0,0.0,0.0,0.0,0.0,10.77048846,11.5185,11.509857,14.13309597,15.41707131
4575131,Jacory Croskey-Merritt,9.52085554,8.41802864,11.185019,8.01723895,7.77064377,13.69177008,16.07267078,11.53117042,10.2219246,9.37646869,8.55054524,0.0,5.44892551,6.29307867,7.8557239,5.76418415,6.86187459
-16030,Jaguars D/ST,6.42958845,5.15797359,6.11026743,4.55260523,4.91917015,4.90871177,4.08778285,0.0,7.43253604,6.02937635,5.66112733,6.25754113,7.24649351,4.14254311,8.41387977,5.64705444,4.30123751
4360078,Alec Pierce,4.24036338,6.26147081,5.49233997,0.0,0.0,6.67542527,8.92376192,7.66206956,9.10603672,10.52588855,0.0,11.4073035,9.83824947,10.43657995,10.29128137,11.38292064,10.35563716
4608686,Kyle Monangai,2.87112813,3.7565866,6.29492438,6.74577711,0.0,5.38476784,4.59012189,8.5346812,15.36199396,11.40465644,8.91030764,7.85161556,8.07238762,8.275968,9.02424857,8.6764998,9.26327961
11122,Matt Prater,8.78472316,8.71737768,9.10403585,8.90088658,8.72290347,8.38313937,0.0,8.34134404,8.4045891,8.86267808,8.33590901,8.09327822,8.35045946,9.0727982,8.25674882,8.0798123,8.3501061
17427,Cairo Santos,8.13094703,7.88504899,8.44159833,8.3851244,0.0,0.0,0.0,8.52071286,8.60158329,8.31017974,8.26024503,8.19819102,7.91254238,7.98210218,7.99353204,8.15936662,8.35055251
4688813,Josh Downs,10.68383008,8.13407172,8.68493289,8.56161862,8.75491979,7.76946382,0.0,10.87439559,11.09683943,11.21300166,0.0,10.73146469,8.93714971,9.50095371,9.36347655,10.39249187,9.4245019
4040655,Darnell Mooney,0.0,10.05551108,10.56037196,10.63084382,0.0,0.0,10.18360622,12.24485076,9.72668681,8.67633077,9.27043122,11.17469271,10.41839629,8.88889301,9.81274959,9.518313,8.91873819
15835,Zach Ertz,8.91334362,9.29729903,9.54821453,9.79442046,9.18427612,8.58831133,11.21010407,9.04897122,9.99358698,9.53386573,9.96838586,0.0,8.72760381,9.20775688,9.11630165,8.59659776,9.51383792
16737,Mike Evans,0.0,0.0,0.0,0.0,0.0,0.0,0.0,0.0,0.0,0.0,0.0,0.0,0.0,0.0,0.0,0.0,0.0
4429148,Theo Johnson,7.63951531,7.3698332,6.38843729,4.92688276,7.72971804,9.16026364,8.49018086,9.51480165,10.05487962,10.3468615,10.41482092,9.72784037,8.83638996,0.0,9.85277974,8.53470084,8.69198734
4360569,Jordan Mason,7.99510783,11.61313143,14.65808686,13.93502155,13.11877229,0.0,14.11412051,11.91782145,6.30906103,8.16963615,8.28767534,4.88672342,5.6613951,8.43700149,7.11353318,8.83915196,6.33384234
-16021,Eagles D/ST,6.16056395,4.909988,4.72008088,5.00034413,4.99742099,6.853017,6.78188398,5.81853505,0.0,3.72452995,3.87012374,4.25292356,4.20053729,5.98872895,9.39631597,6.20892026,4.48163831
2977187,Cooper Kupp,12.33167081,9.63336616,10.50644443,10.61057222,10.53362907,12.16483692,10.71807338,0.0,0.0,8.6221943,8.03403226,8.72862697,8.41516519,8.98822452,9.27319472,8.65644028,8.84962122
3117256,Dalton Schultz,7.60175649,8.1327071,8.18606479,9.0133766,8.09301464,0.0,8.98914417,9.67804273,8.32397383,9.35643245,10.20570486,10.2456512,8.91558241,9.10167859,8.64194484,8.34344265,8.06815284
4635008,Keon Coleman,0.0,0.0,0.0,0.0,0.0,0.0,0.0,0.0,0.0,0.0,0.0,0.0,0.0,0.0,0.0,0.0,0.0
4248528,Christian Watson,0.0,0.0,0.0,0.0,0.0,0.0,0.0,7.07896844,8.77962105,9.55925077,8.9366819,11.65118458,10.93115175,10.99112524,9.8028036,11.09843909,10.34833763
3929645,Juwan Johnson,7.32669686,9.13908331,10.58407855,11.10265804,7.86334085,7.91065711,7.49906117,9.5890178,8.29856363,8.95344612,0.0,9.25756974,8.65398612,8.67620802,8.23884851,7.96646793,8.70857569
4241985,J.K. Dobbins,0.0,0.0,0.0,0.0,0.0,0.0,0.0,0.0,0.0,0.0,0.0,0.0,0.0,0.0,0.0,0.0,0.0
5083076,Harold Fannin Jr.,3.41087269,7.96811622,8.15716134,7.46696083,7.67980945,9.49958178,11.7241758,9.62437289,0.0,10.1228869,8.96317305,9.05705136,10.31116378,10.01552666,10.19350568,9.62916894,9.14359701
2578570,Jacoby Brissett,0.13238673,0.0,0.0,0.0,0.0,13.36950903,16.58270884,0.0,19.44421928,15.26679091,17.93361507,16.73763122,17.33496237,13.97573493,13.55735025,17.238805,20.05745328
4701936,Matthew Golden,12.29770339,10.70576555,8.8148068,10.81839163,0.0,11.11549566,11.65573321,10.2892623,8.34030689,0.0,7.60653984,0.0,5.56614891,5.00585714,4.50973332,5.03925772,4.77657948
3912547,Sam Darnold,15.32881695,12.82196385,14.05076313,13.01529572,13.23461328,15.30448985,14.8852237,0.0,18.2548861,16.62803412,15.0125218,15.16110536,15.17421987,15.46243829,15.84663161,13.51397589,15.40464728
-16011,Colts D/ST,5.30327609,6.29707235,6.90846678,4.44235006,6.13232949,7.03885374,5.64058262,6.50792893,5.30036802,4.39310189,0.0,3.95576832,5.78448658,6.25865421,3.96312125,4.53218131,6.69936099
-16002,Bills D/ST,3.11295325,7.31956473,5.63368628,7.1615672,5.82537067,4.88504834,0.0,4.79153223,3.36486149,6.30562334,4.47748685,5.19359612,5.91875591,4.70490461,4.1832473,8.11263709,4.94260947
3128720,Nick Chubb,9.34272836,11.53191167,11.91590771,12.8179204,10.09017656,0.0,9.42854188,9.28146186,8.4932101,8.90449872,8.72975085,6.35827134,5.39586852,5.36281686,6.23713887,6.00670362,5.66392985
4243331,Cade Otton,8.80199807,8.19537334,7.23213507,6.03731135,5.6538393,7.97348382,8.65000423,9.90681358,0.0,9.62323203,9.67686791,9.49468641,8.07864264,7.91992935,8.08480708,7.98598447,8.38265859
4432577,C.J. Stroud,16.47056734,16.86448034,15.76340379,17.36857355,17.63535108,0.0,17.72551171,17.32131944,16.94844516,0.0,0.0,0.0,17.18890523,16.88285821,17.77085375,17.66465829,15.95284653
4428718,Tre Tucker,5.47380413,7.54137414,7.75626143,11.1987976,10.46672079,10.48236107,12.18704271,0.0,9.40037755,10.22088535,11.00551393,9.64351792,10.48158316,10.05835248,10.71412698,9.99390241,11.83310686
3051876,Evan Engram,9.91085701,8.87001088,0.0,6.24263031,7.67163678,8.87473802,9.30447563,9.8568224,7.88566882,7.31271104,8.28450885,0.0,8.06536918,6.92416136,6.91004201,6.85161879,7.56473899
4430871,Sean Tucker,1.72793292,1.30026361,1.05126709,0.38426074,7.69393582,7.72139079,6.28470244,5.66190596,0.0,5.5546662,10.23175012,10.51457864,6.83475428,2.64279128,2.71028213,2.53847951,2.67262522
-16001,Falcons D/ST,3.94857309,5.45327722,6.93604258,5.70567607,0.0,3.93550674,6.47914956,6.66456958,4.68054643,3.61733046,5.93648147,5.08874954,6.73186079,3.6236161,4.76110491,5.72875801,2.5173528
4362249,Jayden Reed,11.21385495,11.2895857,0.0,0.0,0.0,0.0,0.0,0.0,0.0,0.0,0.0,0.0,7.60329764,10.16384237,8.86426611,10.20763214,9.48594385
-16016,Vikings D/ST,6.93782125,6.91985602,6.98818418,7.50081541,7.61762971,0.0,6.04115963,4.51207734,3.13989212,3.69345397,3.4781663,3.18993743,3.86133874,5.42369558,3.32780183,5.01422914,3.51235421
4685415,Travis Hunter,0.0,0.0,0.0,0.0,0.0,0.0,0.0,0.0,0.0,0.0,0.0,0.0,0.0,0.0,0.0,0.0,0.0
4686361,Cam Little,8.30643177,7.98839799,8.06173831,7.85680505,7.72811272,8.27364458,7.52885317,0.0,7.81667789,7.53881762,7.78754782,7.95315239,8.1354481,7.93219233,8.2054046,7.42026708,7.75252933
4427728,Bam Knight,0.0,0.0,0.0,0.3769352,0.34824698,7.65746305,9.90207138,0.0,11.97399472,9.55483802,11.157867,11.41952099,5.11765073,2.82821109,2.80764847,3.47028296,3.81044183
4723086,Colston Loveland,8.80974383,7.17962973,4.38305983,0.0,0.0,5.73366184,5.14080927,6.54282457,6.73334236,7.5053615,6.61381773,6.11600362,7.38626937,7.44717309,6.98981468,7.38983404,8.10907236
2971573,Ka'imi Fairbairn,7.89459249,8.01905006,7.74137182,7.97137974,7.85890322,0.0,7.94763297,7.9423267,7.92414944,0.0,0.0,7.93210908,7.7317566,7.61934451,7.94662093,8.08794612,7.680892
4682652,Devin Neal,3.08231363,2.56640738,0.0,0.0,0.0,0.0,0.0,4.66355872,2.0756237,3.5031906,0.0,4.17670973,11.08570381,5.13860659,5.07709511,5.01645856,5.4913891
4428557,Tyjae Spears,0.0,0.0,0.0,0.0,5.38923328,5.62059083,7.82985692,9.51914404,9.54296227,0.0,8.98829105,9.57917181,9.87400095,9.66079475,10.69100402,10.14881233,10.411405
3917315,Kyler Murray,0.0,0.0,0.0,0.0,0.0,0.0,0.0,0.0,0.0,0.0,0.0,0.0,0.0,0.0,0.0,0.0,0.0
3925357,Calvin Ridley,0.0,0.0,0.0,0.0,0.0,0.0,0.0,0.0,0.0,0.0,0.0,0.0,0.0,0.0,0.0,0.0,0.0
3123052,Michael Badgley,0.0,0.0,0.0,0.0,0.0,8.30487792,8.41787674,8.89201619,8.83862603,8.67259803,0.0,8.30569384,8.14334011,8.3639016,8.15113138,8.72593995,8.53403662
4696981,Cam Skattebo,0.0,0.0,0.0,0.0,0.0,0.0,0.0,0.0,0.0,0.0,0.0,0.0,0.0,0.0,0.0,0.0,0.0
4433970,J.J. McCarthy,16.25991091,16.82313177,0.0,0.0,0.0,0.0,0.0,0.0,14.38657215,17.65074206,18.41078215,14.17655982,0.0,15.12446425,13.49533101,13.44840762,12.20576986
-16025,49ers D/ST,6.28936839,7.14134403,5.82843208,5.48070911,3.75154204,4.03929525,3.32621385,4.84098737,4.96498364,2.74158553,5.28546431,5.04082535,7.10591325,0.0,5.81595291,2.66140279,2.60635642
4373626,Tyler Allgeier,6.05158695,4.20247541,6.64928951,6.49341961,0.0,6.9276747,7.05004581,8.03234053,5.39276375,4.93220966,6.85001635,6.79247861,7.91950995,6.97502173,7.8322107,7.79548138,6.41398486
4429022,Kayshon Boutte,4.08943859,9.58180802,8.40976311,7.01994318,7.81994203,7.03060503,8.59336844,7.6436952,9.82878739,0.0,0.0,9.7047754,8.11820996,0.0,8.06982192,7.89456431,7.70804927
3116385,Joe Mixon,0.0,0.0,0.0,0.0,0.0,0.0,0.0,0.0,0.0,0.0,0.0,0.0,0.0,0.0,0.0,0.0,0.0
4877706,Jayden Higgins,9.13764555,6.42642165,3.77717627,3.28594689,3.37677986,0.0,7.12444071,9.01255801,4.58452386,3.81672987,8.16506286,8.9747388,10.5713193,10.74985923,10.28382409,9.96517624,9.59062352
4360310,Trevor Lawrence,17.97906537,17.53830372,16.24528826,15.81081972,15.21815708,17.94130259,15.08474348,0.0,16.91011031,13.22683153,15.2292491,15.34701811,16.50769271,15.34854482,15.31004357,12.05251006,14.85815138
4040761,Devin Singletary,3.4570762,3.17912926,1.08242865,7.42944999,5.99692882,0.95366345,0.80306167,1.17745856,5.52868545,9.71653837,9.5860026,9.86264693,6.26702541,0.0,8.26004776,6.97695235,6.78361074
4595348,Malik Nabers,0.0,0.0,0.0,0.0,0.0,0.0,0.0,0.0,0.0,0.0,0.0,0.0,0.0,0.0,0.0,0.0,0.0
4362887,Justin Fields,0.0,0.0,0.0,0.0,0.0,0.0,0.0,0.0,0.0,0.0,0.0,0.0,0.0,0.0,0.0,0.0,0.0
4572680,Tucker Kraft,9.40935859,9.82623993,11.12976148,11.85909625,0.0,10.54297808,9.39901866,10.36468106,11.31467942,0.0,0.0,0.0,0.0,0.0,0.0,0.0,0.0
-16013,Raiders D/ST,4.33647447,4.25037141,5.5258485,3.6412397,4.22011892,6.20898881,3.44541777,0.0,5.69901762,3.27830424,4.08499461,7.08444255,5.71385805,3.79848641,4.46854449,4.82270584,4.92587026
8439,Aaron Rodgers,12.95300987,14.26242816,15.31298874,12.69382859,0.0,13.38793647,17.43725709,16.21055943,17.4743836,15.0298233,18.91429545,0.0,14.26710687,12.88646211,14.26050955,13.69861953,11.85360407
4882093,Bhayshul Tuten,3.55851853,4.29179073,5.65113847,5.26313297,4.68148586,4.54223329,4.02292793,0.0,5.40808598,4.45442475,4.77653746,7.40177583,7.05521454,5.708838,6.64135874,4.78565341,5.39161512
4241372,Hollywood Brown,12.22140314,13.0995691,12.00656221,9.0405724,7.71595487,9.59948196,6.67378352,6.58158568,5.20238591,0.0,3.94424586,5.08673807,3.94301858,3.29118384,3.40511352,3.82071875,3.29917865
3116406,Tyreek Hill,0.0,0.0,0.0,0.0,0.0,0.0,0.0,0.0,0.0,0.0,0.0,0.0,0.0,0.0,0.0,0.0,0.0
4608810,Tez Johnson,0.62967271,0.0,0.0,2.73337381,2.14644418,8.05143698,6.06196878,8.91824132,0.0,9.54429233,9.21994491,5.03344183,6.38054617,6.28455032,6.39765891,6.26966468,6.54941348
4574716,Harrison Mevis,0.0,0.0,0.0,0.0,0.0,0.0,0.0,0.0,0.0,8.58781808,8.49466544,8.67245006,8.59439867,8.52320354,8.72593222,8.27609972,8.54026599
3916945,Darius Slayton,7.27790907,7.18112832,6.36530076,6.80581272,9.19304583,0.0,0.0,8.36983444,10.07263293,11.0916725,0.0,9.97151526,8.18370232,0.0,9.09878206,7.86467588,8.00913297
3045147,James Conner,0.0,0.0,0.0,0.0,0.0,0.0,0.0,0.0,0.0,0.0,0.0,0.0,0.0,0.0,0.0,0.0,0.0
4360438,Brandon Aiyuk,0.0,0.0,0.0,0.0,0.0,0.0,0.0,0.0,0.0,0.0,0.0,0.0,0.0,0.0,0.0,0.0,0.0
4432620,Parker Washington,2.68715987,1.76369973,2.79672997,8.09892534,3.64572681,4.9391156,4.0841584,0.0,9.74992496,9.84800231,10.91430046,8.76421864,9.03705287,8.76799467,8.28371494,7.68537894,8.7547018
11252,Joe Flacco,0.0,0.0,0.0,0.0,0.0,0.0,0.0,0.0,0.0,0.0,0.0,0.0,0.0,0.0,0.0,0.0,0.0
4430034,Xavier Legette,9.78867195,8.61319482,0.0,0.0,7.83598218,7.62309664,5.45526234,8.46482551,6.3459209,5.49929178,4.66491055,7.26893412,6.17210244,0.0,6.66059015,7.01523357,6.26630859
-16012,Chiefs D/ST,5.29997828,5.06690853,6.79161678,3.07151877,4.86780654,3.14596799,7.41104721,6.25105972,4.67955913,0.0,5.15568786,3.89753657,3.4779515,4.97804637,6.52419605,6.93454443,4.86833049
4034949,Eddy Pineiro,0.0,8.24719093,8.28224907,8.17537677,7.3061051,8.2821737,8.05719654,7.80482708,8.48269239,8.10349059,8.36307801,0.0,8.06500621,0.0,8.88246691,8.33379416,8.75265866
4241474,Brian Robinson Jr.,4.12515646,6.84821052,6.96126659,5.19857137,3.79116618,4.66955352,4.40854631,3.47054433,4.77210694,3.05700446,4.53078154,4.87283541,5.23638123,0.0,6.42479601,4.98772983,6.17618768
-16027,Buccaneers D/ST,5.70287499,5.32488189,6.97909926,5.47417339,5.74990265,5.36397808,3.11255724,5.58283863,0.0,5.25510271,3.80062034,2.69361907,5.83482099,6.10587927,5.00271868,5.90818559,5.48440947
3917232,Tyler Bass,0.0,0.0,0.0,0.0,0.0,0.0,0.0,0.0,0.0,0.0,0.0,0.0,0.0,0.0,0.0,0.0,0.0
4429013,Tank Bigsby,0.0,0.0,0.0,0.0,0.0,0.0,0.0,0.0,0.0,0.0,0.0,0.0,0.0,0.0,0.0,0.0,0.0
4567104,Will Reichard,7.76145121,8.18464851,7.71702977,7.52322861,7.57356191,0.0,7.85050549,8.01968143,7.36439295,7.95657595,7.98571969,7.5203965,7.0084613,7.74072033,7.49838725,7.61202344,7.40719207
4819231,Kaleb Johnson,0.0,0.0,0.0,0.0,0.0,0.0,0.0,0.0,0.0,0.0,0.0,0.0,0.0,0.0,0.0,0.0,0.0
3068267,Austin Ekeler,0.0,0.0,0.0,0.0,0.0,0.0,0.0,0.0,0.0,0.0,0.0,0.0,0.0,0.0,0.0,0.0,0.0
4430539,Brenton Strange,8.44110571,8.74142709,7.67373518,8.3844625,8.96061698,0.0,0.0,0.0,0.0,0.0,0.0,7.67516232,8.7661987,8.71958892,7.98992003,7.76857834,8.79335008
4431268,Chimere Dike,2.12243459,4.74032112,6.25164522,6.07866984,3.61185347,6.36922501,8.10941515,9.54746413,10.8278266,0.0,6.89288923,10.36497616,10.10338494,9.57320868,11.14547761,10.78692889,10.39685283
2576925,Darren Waller,0.0,0.0,0.0,4.62512294,7.92899865,9.79938849,8.57449139,0.0,0.0,0.0,0.0,0.0,0.0,6.35575536,6.37422915,7.27927432,6.78695941
4249087,Matt Gay,0.0,0.0,0.0,0.0,0.0,0.0,0.0,0.0,0.0,0.0,0.0,0.0,0.0,0.0,0.0,0.0,0.0
-16003,Bears D/ST,6.69925256,3.63233705,3.49784953,5.16750019,0.0,3.47692562,5.01855687,6.12456863,5.13587645,4.43582442,5.70259832,4.74049638,3.76715761,2.78005707,7.33878796,2.95960862,3.68536676
2985659,Wil Lutz,8.15440124,7.84012539,7.88548835,8.37091891,7.77263146,8.69680767,8.06298461,8.49064889,7.93111494,8.41950168,7.6929949,0.0,8.07669437,7.88705929,7.73760259,7.89493253,7.55362213
4576297,AJ Barner,5.49342721,6.37498326,4.99592775,4.12079673,4.70475449,7.52117739,7.68140802,0.0,8.98264233,7.92746344,7.71078624,8.12897988,7.65046203,8.12672931,8.29525541,7.75102944,7.99442504
3054212,Jonnu Smith,7.61939999,9.02703922,9.62203158,7.9651055,0.0,7.19350247,7.44367446,8.1249254,8.7296643,8.00479824,8.30878411,7.57753219,5.69305574,5.5547814,5.84184663,5.83224633,5.23457004
-16006,Cowboys D/ST,3.361893,6.1419068,4.06055296,2.83120613,4.18302763,4.64849493,3.18108043,2.57699983,4.98887269,0.0,6.56094394,4.22135705,3.2553759,3.12195568,7.37467653,5.43302395,4.22917304
4243389,Calvin Austin III,6.06233107,7.97103139,8.72675318,9.33592585,0.0,0.0,0.0,8.20607884,10.67084197,9.7567408,11.51694855,5.17683324,7.15197861,6.92821998,7.34379311,7.29696191,6.50436987
4808766,Mason Taylor,7.13074966,7.20793266,5.94550139,6.08429854,7.94288497,9.52624531,9.43211755,8.89731692,0.0,8.27227712,8.43411072,9.02359222,8.49099952,8.7468094,8.23484849,8.46983014,8.30552081
4372019,Jerome Ford,0.0,0.0,0.0,0.0,0.0,0.0,0.0,0.0,0.0,0.0,0.0,0.0,0.0,0.0,0.0,0.0,0.0
4569603,Malik Washington,3.74001278,8.3750281,8.0571893,8.77617323,8.98091189,9.03117988,9.6767528,8.96938909,10.91623809,9.23681208,10.58231534,0.0,8.30934814,8.01331495,7.94071696,9.36058919,8.57536275
4241479,Tua Tagovailoa,15.39284982,16.18307545,15.88223162,15.62829458,15.50628676,16.83240348,15.43098167,12.08954078,16.32976265,13.768332,17.56665532,0.0,12.63501032,12.29108224,11.60770011,15.56997374,13.39873033
4685720,Bryce Young,15.59334342,14.48354686,14.63424227,15.34253811,16.86329732,17.77878357,15.26797035,0.0,12.42448149,13.18209274,11.59625846,14.46905774,10.55648953,0.0,12.80530716,14.15476024,11.60144295
4429096,Blake Corum,4.13459701,5.33634492,4.92376597,4.34678406,5.96493968,6.50302511,5.30383694,0.0,5.24530614,5.72409699,5.76815,7.85171391,6.59790098,6.73795399,6.26297811,5.73712772,6.72292199
4360234,Evan McPherson,7.93880035,8.41625834,7.61626712,7.25114563,7.39120513,7.39680142,7.1148423,7.96753454,8.27920653,0.0,7.96245878,7.86755891,7.94368697,8.14768889,8.11747292,8.13411672,8.2389359
4686472,Marvin Mims Jr.,8.80630398,8.47990587,6.65918719,7.75534863,8.18896626,9.15964216,7.20196426,8.7150806,0.0,0.0,7.05387573,0.0,6.2690127,4.89216417,4.82588881,4.835074,5.06287558
4362478,Emari Demercado,1.82797678,0.0,0.0,5.44481548,11.20136363,3.22838758,0.0,0.0,3.41350327,8.02779682,9.7901898,0.0,5.40509364,3.58951458,3.58409085,4.38726993,4.77049
4362619,Chris Rodriguez Jr.,0.0,0.0,4.33513196,5.82706763,5.17465581,3.78428608,0.8009221,1.81875146,1.59382851,4.38731334,8.13586612,0.0,6.99772283,8.23337553,10.62524531,7.50755748,9.1113855
4883647,Elic Ayomanor,5.50981987,9.54455273,9.82237218,9.03487097,10.41246168,8.8777842,10.34662788,10.86325178,9.90015043,0.0,8.00247901,0.0,8.52562763,8.0868143,9.53403235,9.27046004,8.76681516
4038441,Justice Hill,6.65050975,6.68530599,7.04193393,6.84666163,8.57740214,8.13917543,0.0,7.97864809,7.18743756,6.19819699,0.0,4.49838638,3.96628073,3.46019001,3.99369849,3.53885517,3.53290058
-16022,Cardinals D/ST,7.01584135,7.29118213,6.20967799,6.18203605,6.30365998,4.5103768,3.42107589,0.0,3.67539501,4.05678832,4.12218756,5.58534198,4.70773832,2.54498207,4.75929327,5.55140553,4.54529381
4360939,Rashod Bateman,9.54794845,9.01783822,9.56372249,9.85889031,7.50329157,7.84693201,0.0,6.60484406,8.80385638,8.86016727,0.0,0.0,7.10582538,6.18422976,7.15672565,6.32809527,6.32162004
3895856,Christian Kirk,0.0,0.0,9.21883757,11.11948035,10.06996128,0.0,0.0,0.0,9.09498247,9.06248748,6.53421138,5.15294595,6.77962272,6.90007516,6.61256072,6.41418974,6.14147136
16339,Brandon McManus,7.9476127,8.37048639,8.13428478,8.3264963,0.0,0.0,0.0,8.38949091,8.5336458,8.01750283,0.0,8.05689569,7.844776,8.18605171,7.43719318,8.01061752,7.88499646
4368003,Andrei Iosivas,4.19078836,4.37544658,3.55684479,3.50567876,4.30339709,5.71727726,5.4903193,5.44938668,5.88201564,0.0,6.43120947,8.70874422,8.96191959,6.05610888,5.89730692,6.2857201,6.12685109
4369863,Cedric Tillman,10.70013933,10.34681999,9.66390643,8.4791693,0.0,0.0,0.0,0.0,0.0,6.94730942,6.52366693,6.34270218,7.92563526,7.71071804,7.77834171,7.33774871,6.96929281
4240657,Michael Carter,0.0,0.0,0.0,0.0,0.0,0.0,0.0,0.0,0.0,0.0,0.0,0.0,0.0,0.0,0.0,0.0,0.0
2576980,Marcus Mariota,0.15014075,0.0,17.0417552,0.0,0.0,0.0,0.0,16.94081284,0.0,16.30169125,18.20724513,0.0,14.84042717,16.84900394,0.0,0.0,0.0
4685279,Jaydon Blue,0.0,0.0,0.0,0.0,0.0,0.0,0.0,0.0,0.0,0.0,0.0,0.0,0.0,0.0,0.0,0.0,0.0
3045523,Kendrick Bourne,0.0,0.0,0.0,0.0,0.0,0.0,0.0,0.0,0.0,0.0,0.0,0.0,0.0,0.0,0.0,0.0,0.0
-16020,Jets D/ST,6.42011847,2.99067934,4.34587609,4.04033468,3.36649056,2.79670341,5.11216247,5.81627897,0.0,5.74326603,3.69499706,3.73544182,5.78543585,5.36210172,5.94841645,6.62827078,3.93714168
5081397,Dylan Sampson,9.50812869,11.85992889,4.64857846,2.72166947,3.53443814,2.8576582,3.85408152,2.44898796,0.0,4.8825456,4.62780982,3.09209669,5.61683096,5.77940451,5.67621216,5.45891771,5.11367071
-16015,Dolphins D/ST,6.58383429,4.95640053,2.45011528,5.56630003,4.36140443,4.08872388,4.6501148,3.87347884,3.66582037,2.58788783,5.64367569,0.0,6.57327867,5.74719369,5.31469641,4.83027698,4.74654542
10621,Nick Folk,7.79586802,8.08158302,7.76083705,8.10987354,8.4216102,7.56593799,7.84235591,7.96423605,0.0,7.56244593,7.62242915,7.59043891,7.63637408,7.68043469,7.46751418,7.50875737,7.48559527
3124679,Jason Sanders,0.0,0.0,0.0,0.0,0.0,0.0,0.0,0.0,0.0,0.0,0.0,0.0,0.0,0.0,0.0,0.0,0.0
4427095,DeMario Douglas,8.45659852,9.15551414,6.28846444,5.83462095,2.75091882,4.25375435,5.5698809,5.96642514,5.4634476,9.04671899,7.61471942,6.66460193,5.81610379,0.0,5.69749119,5.48714281,5.40132387
4685278,Luther Burden III,3.2157091,2.69924962,2.68735035,5.77587874,0.0,4.77673028,4.9125974,4.79954484,0.0,3.392115,6.1690347,7.58970475,8.28142193,8.35770696,7.85375171,8.31925466,9.17143573
4567096,John Metchie III,0.48327298,0.28401561,0.55595762,0.45775008,1.20504038,0.41284224,0.0,5.11995384,0.0,1.66979951,2.00572161,6.75699462,8.91652043,9.19294254,3.3056268,3.40870821,3.33786139
4361050,Isaiah Likely,0.0,0.0,0.0,5.86592803,5.79121858,5.35195927,0.0,4.79592469,5.50631794,8.16034725,8.23311668,7.64044092,7.96791809,7.03492196,8.04542663,7.19958298,7.20957759
4711533,Ollie Gordon II,7.02507409,6.74731437,2.16728156,5.9262526,5.89703942,4.42264318,3.78582811,4.56241887,6.65602079,5.14324351,1.80276707,0.0,4.63139332,4.55397418,4.16540622,5.53596426,4.76035672
4241457,Najee Harris,0.0,0.0,0.0,0.0,0.0,0.0,0.0,0.0,0.0,0.0,0.0,0.0,0.0,0.0,0.0,0.0,0.0
4685247,Braelon Allen,0.0,0.0,0.0,0.0,0.0,0.0,0.0,0.0,0.0,0.0,0.0,0.0,0.0,0.0,0.0,0.0,0.0
4360423,Michael Penix Jr.,0.0,0.0,0.0,0.0,0.0,0.0,0.0,0.0,0.0,0.0,0.0,0.0,0.0,0.0,0.0,0.0,0.0
-16019,Giants D/ST,5.18438509,5.46063872,4.22882447,4.6765554,6.22547453,5.31024214,4.75474454,4.73969885,4.93760896,3.04460448,3.16654876,2.81342596,3.15184376,0.0,3.5160959,6.54154868,7.30009052
4361411,Pat Freiermuth,7.54449931,6.75237511,7.32440816,5.92112527,0.0,3.86324292,3.27732973,5.1470044,6.73982782,6.22575378,7.03641648,5.90505037,5.34549119,5.21786725,5.47619737,5.47325156,4.91749612
4242546,Davis Mills,0.0,0.0,0.0,0.0,0.0,0.0,0.0,0.0,0.0,0.0,0.0,0.0,0.0,0.0,0.0,0.0,0.0
16460,Adam Thielen,11.23089202,7.72236892,5.60464411,3.4586107,1.89184122,0.0,1.05738668,1.60500629,2.07230571,1.09605839,1.65335716,2.43691072,2.35609484,2.85552009,2.77457063,2.64536478,2.65459508
4037235,Greg Dortch,3.50318229,1.40714948,2.47999042,3.91620125,4.36414457,3.26922723,4.09164001,0.0,4.30581136,3.21771772,10.48695078,8.00320131,6.49182246,4.63490575,4.48756372,5.15883827,5.68120375
4242392,Brock Wright,0.57776619,0.60598495,1.85690489,1.62102904,1.129367,1.7360496,1.82495621,0.0,2.34222872,2.57904535,5.26348142,8.73020855,8.5690915,9.35501087,8.443534,8.43408517,8.42618447
4688380,Cam Ward,13.66629509,14.96378672,14.12957626,12.40301444,11.96083488,12.54514209,12.81517501,12.82731538,12.63650956,0.0,9.92236274,10.82869825,13.28883457,12.0421029,14.94542603,13.99062881,14.2130488
4360689,Tyler Shough,0.0,0.0,0.0,0.0,0.0,0.0,0.0,0.0,10.59074306,12.38166773,0.0,15.96539729,13.47402694,13.87256534,13.75515108,13.62102809,14.76081895
4432762,Shedeur Sanders,0.0,0.0,0.0,0.0,0.0,0.0,0.0,0.0,0.0,0.0,0.0,10.70291229,11.82631809,12.27619087,11.5057443,11.22489038,10.07546088
4428085,Luke Musgrave,2.00717804,1.0759523,3.02747318,2.28052725,0.0,2.15166654,2.11053981,2.08398434,1.53918793,8.18094331,6.59492024,4.02455491,3.42333813,3.44626433,3.04219646,3.4910737,3.21780735
4360635,Chig Okonkwo,7.72759021,8.64211735,9.36791681,9.08061478,7.90012005,6.9301371,8.92394325,8.16152658,7.95728745,0.0,6.44068456,7.39839379,6.17772063,5.94451758,6.91214317,6.75946466,6.3278348
4566192,Joshua Karty,0.0,0.0,0.0,0.0,0.0,0.0,0.0,0.0,0.0,0.0,0.0,0.0,0.0,0.0,0.0,0.0,0.0
4568263,Ryan Fitzgerald,7.45472049,7.66386459,7.67350142,7.68522282,8.07369499,8.45140328,8.10410217,8.07809097,7.44981696,7.9790914,7.42972729,7.70980992,6.95778445,0.0,7.28290764,7.49078816,7.1988968
-16029,Panthers D/ST,3.5778121,3.46160188,3.22556029,5.6305001,3.45773425,3.2881319,6.57336921,3.76026602,2.44341456,6.28726173,3.78212368,2.93589144,1.88478818,0.0,5.95702577,4.34261763,3.33218677
2976592,Sterling Shepard,5.83620647,7.7247615,8.43886031,9.02765994,7.26559543,10.74862735,7.9462073,7.96692401,0.0,7.63135062,7.5372849,4.29643167,5.34760114,5.20695816,5.34905899,5.26308532,5.37002565
15864,Geno Smith,15.02547587,16.14886752,15.24937181,17.51449742,15.12889918,16.35754698,13.7451589,0.0,13.01881312,12.07284813,16.57997297,12.60143076,11.16727045,10.03984034,11.28424161,9.39099423,14.99296768
2991662,Mack Hollins,2.43100125,3.23762278,4.34848554,4.76836673,3.84679983,3.20792813,4.4722166,4.36873284,6.37217162,7.53675307,10.25955623,6.8387982,7.3294834,0.0,7.28253448,7.12250115,6.95366783
4429501,Ray Davis,0.0,0.0,0.0,0.0,0.0,0.0,0.0,0.0,0.0,0.0,0.0,0.0,0.0,0.0,0.0,0.0,0.0
3149687,Chris Brooks,0.0,0.0,0.0,0.0,0.0,0.0,0.0,0.0,0.0,0.0,0.0,0.0,0.0,0.0,0.0,0.0,0.0
4695404,Isaiah Davis,0.98396076,1.48776931,3.3630154,1.21312437,7.60224477,6.29555356,4.92303501,6.68223786,0.0,8.06375059,7.31839581,6.55978939,6.09722876,6.3039076,5.54619292,5.87845977,5.69976777
3116389,Samaje Perine,3.86031414,5.51413025,3.5486453,3.89702878,3.45682612,4.90538154,6.36845144,7.14019339,8.64189074,0.0,0.0,0.0,5.13512417,5.43835413,5.29476625,5.68387415,5.69736105
4429086,Michael Mayer,4.25966949,5.08057887,4.39487313,0.0,0.0,8.44664672,10.3936977,0.0,3.38261469,6.07615839,8.0229763,7.07494665,5.88493253,5.67355211,6.06653569,5.64547653,6.53168835
14880,Kirk Cousins,0.14230668,0.0,0.0,0.0,0.0,0.0,0.0,14.79023977,0.0,0.0,0.0,12.34595351,12.37852336,11.40973958,13.3461476,12.73135172,10.63411289
2969939,Jameis Winston,0.0,0.0,0.0,0.0,0.0,0.0,0.0,0.0,0.0,0.0,0.0,0.0,0.0,0.0,0.0,0.0,0.0
4427600,Terrell Jennings,0.0,0.0,0.0,0.0,0.0,0.0,0.0,0.0,0.0,0.0,0.0,0.0,0.0,0.0,0.0,0.0,0.0
-16018,Saints D/ST,3.60373016,5.11509673,5.7191982,1.97723148,5.21064305,5.19976753,3.95728619,3.28360693,3.48987395,4.84796418,0.0,4.88189039,5.79059115,4.06590536,5.9911911,6.8414629,6.00555454
15795,DeAndre Hopkins,6.51985221,6.31902129,4.39590478,3.20151194,2.94910241,4.6745505,0.0,4.74175319,5.28096694,4.13054409,7.22166423,7.2003482,3.73756336,3.24330339,3.76108596,3.31132982,3.30329703
14163,Tyrod Taylor,0.11186416,0.0,15.72024695,0.0,0.0,0.0,0.0,0.0,0.0,0.0,0.0,15.44417889,15.85052888,16.21030869,13.83400849,14.7793022,14.32911429
4363538,Chad Ryland,7.60747641,7.94431384,7.71185673,7.34347764,8.03202453,6.97063896,8.04713612,0.0,8.12494458,7.64689691,8.055874,7.71522317,7.36920811,6.97008055,6.87934829,7.46338839,7.74909737
4596602,Brashard Smith,3.08060926,1.22043699,1.12148425,1.83869848,4.02647464,4.2174427,4.18476786,4.65217265,7.81030612,0.0,4.72050199,4.77478189,3.84995075,3.31787323,3.43723615,3.81545626,3.27204977
4036131,Noah Fant,4.98181628,7.96508335,5.46412636,0.0,8.1644779,4.57677575,7.74509965,7.05772329,7.03258104,0.0,5.63119616,6.90498145,5.05335003,5.13953459,4.99429971,5.29364968,5.13211003
4597703,Tory Horton,0.0,0.0,0.0,0.0,0.0,0.0,0.0,0.0,0.0,0.0,0.0,0.0,0.0,0.0,0.0,0.0,0.0
4241464,Mac Jones,0.0,0.0,0.0,0.0,0.0,0.0,0.0,0.0,0.0,0.0,0.0,0.0,0.0,0.0,0.0,0.0,0.0
4242433,Joshua Palmer,6.60684432,8.61507466,7.15735482,5.91576224,6.11404713,4.56700473,0.0,0.0,0.0,0.0,6.95741085,6.48310499,5.91354192,6.68129917,6.05667127,5.66971865,5.91480584
4603186,Jack Bech,0.0,0.0,0.0,0.0,0.0,0.0,0.0,0.0,0.0,0.0,0.0,0.0,0.0,0.0,0.0,0.0,0.0
4686612,Tre' Harris,5.91469103,0.84966498,4.58986008,2.76637362,2.46646966,6.91045653,1.77764597,2.53036562,3.67364345,4.1562613,4.03074045,0.0,2.70640457,2.7632958,2.8654634,2.99605931,2.56045861
4431545,Will Shipley,0.0,0.0,0.0,0.0,0.0,0.0,0.0,0.0,0.0,0.0,0.0,0.0,0.0,0.0,0.0,0.0,0.0
4695883,Jalen Coker,0.0,0.0,0.0,0.0,0.0,0.0,5.81595421,6.59561518,6.24666015,5.36975091,5.68778907,5.93551226,5.18528595,0.0,5.52832913,5.81418355,5.23738344
-16028,Commanders D/ST,6.67534333,3.14871409,6.63239077,4.64250399,3.16883027,4.04099922,2.69853416,1.92330041,3.66627514,2.6153565,3.60309663,0.0,2.75553239,5.35300652,2.95744158,2.66234438,2.38002597
3120348,JuJu Smith-Schuster,5.5057075,9.95688528,7.54698058,6.51777639,8.44914842,6.64936881,2.2925766,3.14209111,3.72365259,0.0,2.11979463,2.40740453,2.99163561,2.58768065,2.6660599,2.85626053,2.60350227
2577327,Tyler Lockett,6.14489952,5.05737607,4.38237038,5.0943306,5.42872255,3.88642513,5.45920334,0.0,3.21090533,3.8428731,7.80237141,6.74319921,6.02173092,5.78948182,6.2172569,5.76448776,6.78783123
4242540,Isaiah Hodgins,0.0,0.0,0.0,0.0,0.0,0.0,0.0,0.0,0.0,0.0,5.23525851,6.32211389,9.84046144,0.0,10.99503144,9.53641828,9.70406401
4597500,Adonai Mitchell,5.04047015,3.25918942,3.8093772,7.09387949,4.30770787,0.0,6.61324286,0.0,0.59291594,0.0,1.24550205,7.56710143,8.80872966,9.06938165,2.947335,3.02619538,2.97332637
4571557,Spencer Shrader,0.0,0.0,0.0,0.0,0.0,0.0,0.0,0.0,0.0,0.0,0.0,0.0,0.0,0.0,0.0,0.0,0.0
2468609,Taysom Hill,0.0,0.0,0.0,0.0,4.15638305,5.09674433,4.4283906,4.78056515,3.08490009,4.4157019,0.0,5.94618896,7.60755771,4.83962658,5.05950997,5.20407883,5.54739264
4372071,Hassan Haskins,0.0,0.0,0.0,0.0,0.0,0.0,0.0,0.0,0.0,0.0,0.0,0.0,0.0,0.0,0.0,0.0,0.0
3115306,Josh Reynolds,0.0,0.0,0.0,0.0,0.0,0.0,0.0,0.0,0.0,0.0,0.0,0.0,0.0,0.0,0.0,0.0,0.0
3930086,Dawson Knox,2.78883576,3.29319576,3.83062862,3.73005899,3.83869146,3.47301074,0.0,3.70066527,3.80228183,2.61748753,7.02421303,5.06130988,3.21689341,3.58114577,3.28465576,3.10857543,3.21527165
4599739,Kendre Miller,0.0,0.0,0.0,0.0,0.0,0.0,0.0,0.0,0.0,0.0,0.0,0.0,0.0,0.0,0.0,0.0,0.0
3127586,Jeremy McNichols,0.97105864,2.1106073,6.26635873,4.66850054,4.73255369,4.86695102,7.27220042,5.57546604,6.67908048,5.2254296,5.0667349,0.0,4.1448202,4.54949472,5.00631731,4.19638656,4.77924033
3051909,Daniel Carlson,7.60096862,7.65634313,7.65933132,7.77359442,7.42151903,7.6862032,7.12116474,0.0,7.23005575,6.95709342,7.50265582,6.89629025,6.62232186,6.53208284,6.5115774,6.35564626,7.26889717
3917914,Olamide Zaccheaus,3.91184886,5.21170013,8.0731494,7.98599848,0.0,8.09173875,7.76509842,7.92899907,8.91177664,8.78274279,6.37628506,2.87923018,2.03751605,1.98733566,1.91892617,1.99409151,2.16952971
-16004,Bengals D/ST,6.11099487,4.42140255,7.48261548,3.9047221,2.04409645,2.60109144,3.31010702,5.34974233,2.56486473,0.0,3.05250719,3.0405368,2.73172379,3.04670192,3.05353421,3.53432002,4.12981911
4586312,Jaylin Noel,0.0,0.0,0.0,0.0,0.0,0.0,0.0,0.0,0.0,0.0,0.0,0.0,0.0,0.0,0.0,0.0,0.0
3676833,KaVontae Turpin,5.85755058,5.36325559,5.2821821,7.7092738,0.0,0.0,5.66631744,4.95839705,4.68947448,0.0,3.88410921,4.24716518,4.45606184,4.49552571,4.27319627,4.24479721,4.79541335
4362921,Tyquan Thornton,3.05983731,7.99644096,8.39985007,7.29891851,4.44383697,5.50690188,1.18381665,1.9171929,0.61914151,0.0,2.1481961,2.53248918,2.52114966,2.13321871,2.1974926,2.43147274,2.13699372
3043234,Zane Gonzalez,0.0,0.0,0.0,0.0,0.0,0.0,0.0,0.0,0.0,7.7049796,7.85318571,7.67441344,7.86413309,7.60729645,7.75662922,7.66049829,7.33535762
4682745,Jaylen Wright,0.0,0.0,0.0,0.0,0.0,0.0,0.0,0.0,0.0,0.0,0.0,0.0,0.0,0.0,0.0,0.0,0.0
4372561,Isaac Guerendo,0.0,0.0,0.0,0.0,0.0,0.0,0.0,0.0,0.0,0.0,0.0,0.0,0.0,0.0,0.0,0.0,0.0
2573401,Tyler Higbee,0.0,0.0,0.0,0.0,0.0,0.0,0.0,0.0,0.0,0.0,0.0,0.0,0.0,0.0,0.0,0.0,0.0
4382466,Jalen Nailor,3.52568099,6.66244354,8.48946645,5.57876086,4.39942514,0.0,6.01747239,5.04465867,5.55731838,6.43746178,7.94458806,5.40076497,3.87497111,4.82901424,4.62976103,4.37798304,4.34808804
4426948,Luke McCaffrey,0.0,0.0,0.0,0.0,0.0,0.0,0.0,0.0,0.0,0.0,0.0,0.0,0.0,0.0,0.0,0.0,0.0
4430834,Jalen McMillan,0.0,0.0,0.0,0.0,0.0,0.0,0.0,0.0,0.0,0.0,0.0,0.0,0.0,0.0,0.0,0.0,0.0
4429023,MarShawn Lloyd,0.0,0.0,0.0,0.0,0.0,0.0,0.0,0.0,0.0,0.0,0.0,0.0,0.0,0.0,0.0,0.0,0.0
4242557,Colby Parkinson,0.82883326,0.0,1.79367609,1.16266638,3.94891333,0.0,1.8828471,0.0,1.23251646,1.9590374,3.09005729,5.2146458,7.81213276,7.92107144,8.01643198,7.5201895,7.93837659
2976499,Amari Cooper,0.0,0.0,0.0,0.0,0.0,0.0,0.0,0.0,0.0,0.0,0.0,0.0,0.0,0.0,0.0,0.0,0.0
3915411,Ty Johnson,3.10025579,4.16538923,3.98406137,3.90414047,3.35798058,3.29742488,0.0,2.74845395,2.68242176,3.84243813,3.4796883,3.21089644,3.93946749,4.53591516,3.98585623,3.88845388,3.91332937
4430802,Darnell Washington,0.75914585,0.79055612,0.8626139,0.76705163,0.0,2.52945955,6.34142117,5.85822702,4.40311776,4.71327679,4.64266535,6.8067661,4.99957806,4.8735953,5.1223137,5.10551594,4.60268735
3049899,Younghoe Koo,7.45706838,0.0,0.0,0.0,0.0,0.0,0.0,0.0,0.0,7.78849257,7.45763867,7.72199407,7.61042035,0.0,8.31087992,7.93949565,7.93564865
4596334,Keaton Mitchell,0.0,0.0,0.0,0.0,0.0,1.64474449,0.0,0.40328423,1.17845756,1.98742151,4.93463431,3.51573714,4.11927341,3.45367489,4.04064431,3.45796707,3.3357068
3116407,Mason Rudolph,0.0,0.0,0.0,0.0,0.0,0.0,0.0,0.0,0.0,0.0,0.0,0.0,0.0,0.0,0.0,0.0,0.0
4600981,Pat Bryant,5.60816396,0.53663128,2.09743144,1.622094,0.78758015,1.62926327,3.12285261,3.52100203,6.14600375,7.02586326,4.45765448,0.0,7.18575171,6.3121807,6.28796414,6.30412066,6.71005111
4259147,Jake Tonges,0.0,0.0,0.0,0.0,0.0,0.0,0.0,0.0,0.0,0.0,0.0,0.0,0.0,0.0,0.0,0.0,0.0
2573079,Carson Wentz,0.0,0.0,0.0,0.0,0.0,0.0,0.0,0.0,0.0,0.0,0.0,0.0,0.0,0.0,0.0,0.0,0.0
4361577,Dyami Brown,0.0,0.0,0.0,0.0,0.0,0.0,0.0,0.0,0.0,0.0,0.0,0.0,0.0,0.0,0.0,0.0,0.0
3929785,Nick Westbrook-Ikhine,6.82908527,4.43759919,5.99222271,3.04236216,7.25906676,7.01209574,5.28914155,6.51906084,7.52178836,6.88543037,7.65423529,0.0,2.987737,2.8554283,2.84036256,3.33017427,3.06865472
4722893,Jaleel McLaughlin,0.0,0.0,0.0,0.0,0.0,2.47982563,2.28852856,0.0,0.0,0.0,3.06612548,0.0,5.69751447,4.87254483,4.60378567,4.71428272,4.2014267
2576414,Raheem Mostert,0.0,0.0,0.0,3.31590766,3.84013589,3.60294967,2.96197612,0.0,3.59544234,2.83223682,3.3396357,2.87059068,3.18459402,2.97267337,3.15416994,2.9886761,3.72561537
3124084,Joey Slye,7.04855189,7.53075404,7.54646597,7.07751121,6.90741816,0.0,7.04872869,6.99126357,7.18846918,0.0,6.86095517,7.05769431,7.51165864,6.97259935,7.53519194,7.31320279,7.56412179
4613202,Kyle Williams,0.0,0.0,0.0,0.0,0.0,0.0,0.0,0.0,0.0,0.0,0.0,0.0,0.0,0.0,0.0,0.0,0.0
3116164,Mike Gesicki,6.75588926,4.99241897,6.8355453,7.29173114,4.78351025,6.38918497,0.0,0.0,0.0,0.0,0.0,5.63617505,7.56439636,6.36940147,6.20891474,6.58586032,6.402879
4426386,Roschon Johnson,0.0,0.0,0.0,0.0,0.0,0.0,0.0,0.0,0.0,0.0,0.0,0.0,0.0,0.0,0.0,0.0,0.0
14881,Russell Wilson,0.0,0.0,0.0,0.0,0.0,0.0,0.0,0.0,0.0,0.0,0.0,0.0,0.0,0.0,0.0,0.0,0.0
4243371,Riley Patterson,7.37022514,7.83991837,7.50425728,7.67974738,7.75128979,7.98874919,8.02217778,7.38086732,8.22788482,7.54269946,8.2828865,0.0,7.9490736,7.92991828,7.65303871,8.41091938,8.00308116
4427238,Dillon Gabriel,0.0,0.0,0.0,0.0,0.0,0.0,0.0,0.0,0.0,0.0,0.0,0.0,0.0,0.0,0.0,0.0,0.0
4360797,Tutu Atwell,6.38339419,4.89612668,4.37954433,2.08108117,2.12147607,0.0,8.29354722,0.0,0.0,0.0,0.0,0.0,3.03811095,3.07413062,3.17618898,2.9519712,3.07465073
5123663,Isaac TeSlaa,3.33381715,3.40430535,2.44199323,2.11046549,1.64041074,1.69191609,2.9992701,0.0,1.71671143,1.88684497,3.55721857,2.98013239,2.29554094,2.51752646,2.2667695,2.29989392,2.27274747
-16010,Titans D/ST,4.22835502,3.18290846,5.13666403,4.18563215,4.1673563,5.52801983,3.8316019,1.81455965,3.02062176,0.0,4.4898933,3.62683789,5.0071327,5.9481082,3.00272731,2.69515567,5.43948835
2576581,Chris Moore,0.0,0.0,0.0,0.0,0.0,0.0,0.0,0.0,0.0,0.0,0.0,0.0,0.0,0.0,0.0,0.0,0.0
4432775,Dont'e Thornton Jr.,7.37134802,7.12878596,6.98020856,8.01600044,7.26523464,6.004304,7.11155023,0.0,3.40766344,3.04452391,4.60018158,3.99122608,2.36286801,2.27218805,2.43378979,2.25522625,2.66619827
4428850,Dontayvion Wicks,0.0,0.0,0.0,0.0,0.0,0.0,0.0,0.0,0.0,0.0,0.0,0.0,0.0,0.0,0.0,0.0,0.0
4431588,Ja'Tavion Sanders,6.03507086,5.84649393,7.36039963,0.0,0.0,0.0,6.33881622,6.65130071,5.71341796,4.83403772,5.74670054,6.25117358,5.07985313,0.0,5.35983381,5.59786632,5.10258172
4045163,Miles Sanders,0.0,0.0,0.0,0.0,0.0,0.0,0.0,0.0,0.0,0.0,0.0,0.0,0.0,0.0,0.0,0.0,0.0
4366031,Tank Dell,0.0,0.0,0.0,0.0,0.0,0.0,0.0,0.0,0.0,0.0,0.0,0.0,0.0,0.0,0.0,0.0,0.0
4686422,Xavier Hutchinson,5.92844134,6.00575166,4.65096554,4.80727703,5.81610187,0.0,7.3112778,8.50731886,4.92111552,5.23903747,3.69347282,4.20712809,4.01464039,3.9778584,3.93772846,3.81881239,3.72589733
4426339,Spencer Rattler,0.0,0.0,0.0,0.0,0.0,0.0,0.0,0.0,0.0,0.0,0.0,0.0,0.0,0.0,0.0,0.0,0.0
4602667,Jaylin Lane,0.74387136,3.26539178,6.76746826,7.2951522,7.19184713,7.47805712,10.26618606,3.5209208,5.78217117,8.06250668,7.0584503,0.0,2.78529976,2.90885518,2.82824001,2.75059133,2.94298633
4249417,Jalen Tolbert,0.0,0.0,0.0,0.0,0.0,0.0,0.0,0.0,0.0,0.0,0.0,0.0,0.0,0.0,0.0,0.0,0.0
4678006,Elijah Arroyo,4.90569516,3.93306613,4.39529965,3.91496399,3.91121831,3.7727821,3.57599048,0.0,6.01036716,3.85228508,3.77169967,3.64713449,3.51768274,3.75084301,3.84642997,3.59345837,3.68768535
3728262,Ray-Ray McCloud III,0.0,0.0,0.0,0.0,0.0,0.0,0.0,0.0,0.0,0.0,0.0,0.0,0.0,0.0,0.0,0.0,0.0
3930066,Van Jefferson,3.52567162,0.48121624,1.38664604,1.74908538,1.74067611,0.43647536,7.15497636,7.62407577,7.52078792,0.0,3.00805331,8.28010746,6.2866232,5.96104895,7.04638451,6.84549788,6.47959881
4243537,Gabe Davis,0.0,0.0,0.0,0.0,0.0,0.0,0.0,0.0,0.0,0.0,4.2159543,6.78063102,6.16408047,6.88692591,6.28831881,5.93301581,6.16552669
4685350,Trevor Etienne,0.0,0.0,0.0,0.0,0.0,0.0,0.0,0.0,0.0,0.0,0.0,0.0,0.0,0.0,0.0,0.0,0.0
4874509,DJ Giddens,0.0,0.0,0.0,0.0,0.0,0.0,0.0,0.0,0.0,0.0,0.0,0.0,0.0,0.0,0.0,0.0,0.0
4258595,Cole Kmet,2.50360553,5.48237069,5.04031707,6.27731033,0.0,4.13099309,3.71680859,0.0,3.993694,2.62934047,3.796009,4.45040545,4.05691736,4.09164378,3.84121242,4.06013145,4.46784764
4429084,Anthony Richardson Sr.,0.0,0.0,0.0,0.0,0.0,0.0,0.0,0.0,0.0,0.0,0.0,0.0,0.0,0.0,0.0,0.0,0.0
4245661,Lucas Havrisik,0.0,0.0,0.0,0.0,0.0,0.0,0.0,0.0,0.0,0.0,0.0,0.0,0.0,0.0,0.0,0.0,0.0
4372066,Jake Moody,7.12113143,0.0,0.0,0.0,0.0,0.0,7.51986113,0.0,0.0,0.0,0.0,0.0,6.91145528,7.10034133,7.4623108,7.0480817,7.51521441
4259619,Blake Grupe,7.45121263,7.47018281,7.18516903,7.01772741,7.2814349,7.14888375,7.1506913,7.21865926,6.4932034,6.88548072,0.0,7.33949606,6.82327054,6.84779431,6.99265002,7.12392032,7.05851951
4569559,Devaughn Vele,4.52233658,2.97086377,0.0,2.51140728,0.93209555,1.98698526,1.50237085,1.05384988,1.80062319,5.94175934,0.0,7.1871247,7.81997921,7.85514957,7.48592043,7.26368606,7.93964667
4241476,Tyrell Shavers,0.25415517,0.50794093,0.48882541,1.4397327,0.49317176,0.88983552,0.0,2.85769608,2.36781892,0.92699884,3.35785485,6.22137694,2.45020991,2.77098723,2.50688519,2.35115212,2.45035087
16002,Kyle Juszczyk,1.53896809,1.59028647,1.55810345,1.62441341,2.6947113,2.94113103,2.08020347,1.95506899,2.20788678,2.55336065,2.77589518,2.83629094,2.54075304,0.0,2.73315257,2.79234592,2.79468206
3886812,Jake Browning,0.0,0.0,0.0,0.0,0.0,0.0,0.0,0.0,0.0,0.0,0.0,0.0,0.0,0.0,0.0,0.0,0.0
4361409,Jahan Dotson,1.56920486,3.78148671,3.05650781,3.47085597,2.45077212,3.03679882,3.34064709,7.87519337,0.0,3.1626872,2.6013069,3.14766333,3.15250831,2.79872009,2.91163446,3.36718277,3.01085772
4362748,Tyler Badie,1.30003671,3.64263809,4.16308123,2.24030802,2.39889281,0.0,2.39367694,2.68681975,2.18000784,2.56344549,4.36678101,0.0,3.11681154,2.68269793,2.69204458,2.65188208,2.92066354
4431492,Roman Wilson,3.90139547,2.04230755,2.12750931,2.33409035,0.0,4.21298322,3.20417294,1.62530862,2.36852047,2.6754812,6.90183513,6.95769651,4.03051701,3.90099357,4.1421702,4.10997358,3.66156023
3135321,Hunter Renfrow,0.0,0.0,0.0,0.0,0.0,0.0,0.0,0.0,0.0,0.0,0.0,0.0,0.0,0.0,0.0,0.0,0.0
4573398,Max Brosmer,0.0,0.0,0.0,0.0,0.0,0.0,0.0,0.0,0.0,0.0,0.0,0.0,0.0,0.0,0.0,0.0,0.0
4258620,Andre Szmyt,7.32414369,7.10372323,7.04926605,7.23459468,6.95302436,7.14321529,7.85946436,7.01157113,0.0,7.38892429,7.2223877,7.29157166,7.37810657,7.49981818,7.18361165,7.26524898,7.11228086
12460,Graham Gano,0.0,0.0,0.0,0.0,0.0,0.0,0.0,0.0,0.0,0.0,0.0,0.0,0.0,0.0,0.0,0.0,0.0
4569371,Isaiah Williams,0.0,0.0,0.09873976,0.05660743,0.0,0.0,0.10385476,2.89563242,0.0,0.23405361,3.50443778,6.78513396,4.45960313,4.47606425,2.48632452,2.53188133,2.50958121
4429299,Tahj Brooks,0.0,0.0,0.0,0.0,0.0,0.0,0.0,0.0,0.0,0.0,0.0,0.0,0.0,0.0,0.0,0.0,0.0
4240472,Noah Gray,4.7155622,4.86633887,6.3384688,5.75119529,3.68661274,3.40815943,2.76072057,2.99277824,3.52716339,0.0,2.52715869,3.4320565,3.9829655,3.35890033,3.45015832,3.84717117,3.36483537
3121409,Noah Brown,0.0,0.0,0.0,0.0,0.0,0.0,0.0,0.0,0.0,0.0,0.0,0.0,0.0,0.0,0.0,0.0,0.0
5083754,Ryan Flournoy,0.0,0.0,0.0,3.74397872,6.41428279,9.73396813,0.21296651,0.09309948,1.93583879,0.0,3.60917441,2.94033148,2.45285754,2.3958922,2.24207458,2.18666651,2.6212898
4686728,Gunnar Helm,3.61237097,3.73847691,3.09017474,3.94181145,3.43154274,5.99631742,6.21944234,6.49400563,6.17117757,0.0,3.90545807,5.76697492,6.57642285,6.30602378,7.29773427,7.1309668,6.73856322
4808839,Isaiah Bond,2.17960861,2.13107136,1.52291699,5.44453438,6.8953839,5.00085026,7.47701691,3.97010057,0.0,0.0,3.74186206,2.22139803,3.98450884,3.92852729,3.91308982,3.70853458,3.52401125
3128390,Allen Lazard,0.0,3.5089629,3.3913481,0.86146602,1.77275298,0.0,4.42727306,6.68507902,0.0,0.0,4.79386427,2.98761115,4.55063243,4.68423947,0.96634062,0.9950965,0.97373119
4257188,Charlie Jones,0.0,0.0,0.0,0.0,0.0,0.0,0.0,0.0,0.0,0.0,0.0,0.0,0.0,0.0,0.0,0.0,0.0
4570037,Terrance Ferguson,0.0,0.0,0.0,0.0,0.0,0.0,0.0,0.0,0.0,0.0,0.0,0.0,0.0,0.0,0.0,0.0,0.0
14012,Andy Dalton,0.0,0.0,0.0,0.0,0.0,0.0,0.0,0.0,0.0,0.0,0.0,0.0,0.0,0.0,0.0,0.0,0.0
4241555,Elijah Mitchell,0.0,0.0,0.0,0.0,0.0,0.0,0.0,0.0,0.0,0.0,0.0,0.0,0.0,0.0,0.0,0.0,0.0
3043116,Demarcus Robinson,0.0,0.0,0.0,5.98210636,8.77809843,7.50299471,5.34149348,4.42798047,5.20319735,3.69421198,1.81295874,4.45187635,3.29558009,0.0,3.69736122,3.68683092,3.75531516
4690070,Mitchell Tinsley,0.0,0.0,0.0,0.0,0.0,0.0,0.0,0.0,0.0,0.0,0.0,0.0,0.0,0.0,0.0,0.0,0.0
3047876,KhaDarel Hodge,0.0,0.0,0.0,0.0,0.0,0.0,0.0,0.0,0.0,0.0,0.0,0.0,0.0,0.0,0.0,0.0,0.0
4710341,Jarquez Hunter,0.0,0.0,0.0,0.0,0.0,0.0,0.0,0.0,0.0,0.0,0.0,0.0,0.0,0.0,0.0,0.0,0.0
4432734,Jalen Milroe,0.0,0.0,0.0,0.0,0.0,0.0,0.0,0.0,0.0,0.0,0.0,0.0,0.0,0.0,0.0,0.0,0.0
2576336,Ameer Abdullah,0.0,0.0,0.0,0.0,0.0,0.0,0.0,2.8200452,3.36464964,2.64614819,0.0,2.66335289,2.47899033,2.56438267,2.48038728,2.83347721,2.60278864
4430656,Myles Price,0.0,0.0,0.0,0.0,0.0,0.0,0.0,0.0,0.0,0.0,0.0,0.0,0.0,0.0,0.0,0.0,0.0
4257364,Zavier Scott,0.0,0.0,0.0,0.0,0.0,0.0,0.0,0.0,0.0,0.0,0.0,0.0,0.0,0.0,0.0,0.0,0.0
4360294,Antonio Gibson,0.0,0.0,0.0,0.0,0.0,0.0,0.0,0.0,0.0,0.0,0.0,0.0,0.0,0.0,0.0,0.0,0.0
4239934,AJ Dillon,0.0,0.0,0.0,0.0,0.0,0.0,0.0,0.0,0.0,0.0,0.0,0.0,0.0,0.0,0.0,0.0,0.0
5097554,Kameron Johnson,0.0,0.0,0.0,0.0,0.0,0.0,0.0,0.0,0.0,0.0,0.0,0.0,0.0,0.0,0.0,0.0,0.0
4362452,Jaret Patterson,0.0,0.0,0.0,0.0,0.0,0.0,0.0,0.0,0.0,0.0,0.0,0.0,0.0,0.0,0.0,0.0,0.0
4569382,Jordan Whittington,3.31779848,2.67136544,3.21751071,4.67619614,4.60209495,5.66815201,7.38876888,0.0,5.62649225,2.77317275,2.60557431,2.52638547,3.70712826,3.75915095,3.82381769,3.55358816,3.7680841
2973405,Kalif Raymond,1.62976827,1.77151168,2.63053469,2.3307151,4.68104027,4.1812223,1.3718364,0.0,3.11097425,3.37660051,7.1956456,5.54208408,3.68236094,4.03847641,3.61558908,3.64632705,3.64269101
4372780,Tommy Tremble,0.0,0.0,0.0,0.0,0.0,0.0,0.0,0.0,0.0,0.0,0.0,0.0,0.0,0.0,0.0,0.0,0.0
4695193,Efton Chism III,0.0,0.0,0.0,0.0,0.0,0.0,0.0,0.0,0.0,0.0,0.0,0.0,0.0,0.0,0.0,0.0,0.0
4678008,Jonathon Brooks,0.0,0.0,0.0,0.0,0.0,0.0,0.0,0.0,0.0,0.0,0.0,0.0,0.0,0.0,0.0,0.0,0.0
4240603,Malik Davis,0.0,0.0,0.0,0.0,0.0,0.0,0.0,0.0,0.0,0.0,0.0,2.22039218,2.64295348,2.62561251,3.00093663,3.00404463,3.38114331
4431487,Savion Williams,0.0,0.0,0.0,0.0,0.0,0.0,0.0,0.0,0.0,0.0,0.0,0.0,0.0,0.0,0.0,0.0,0.0
4361777,Zamir White,0.0,0.0,0.0,0.0,0.0,0.0,0.0,0.0,0.0,0.0,0.0,0.0,0.0,0.0,0.0,0.0,0.0
3043275,Austin Hooper,3.58018952,2.13808357,3.72974941,4.09288918,3.72751455,2.56922224,2.10185096,3.00830286,3.67059318,3.4884578,0.0,3.14747665,3.40511279,0.0,3.38833441,3.32828371,3.24198042
16728,Teddy Bridgewater,0.0,0.0,0.0,0.0,0.0,0.0,0.0,0.0,0.0,0.0,0.0,0.0,0.0,0.0,0.0,0.0,0.0
4035671,Tyler Huntley,0.0,0.0,0.0,0.0,0.0,0.0,0.0,0.0,0.0,0.0,0.0,0.0,0.0,0.0,0.0,0.0,0.0
4372414,Elijah Moore,1.32223919,1.12338528,2.22875311,3.86179939,3.31919885,0.0,0.0,2.98171539,5.37539312,3.6951162,0.0,3.35636261,3.18867365,3.5757011,3.21874944,3.02039966,3.25309343
4708486,Jimmy Horn Jr.,0.0,0.0,0.0,0.0,0.0,0.0,0.0,0.0,0.0,0.0,0.0,0.0,0.0,0.0,0.0,0.0,0.0
4360698,Joe Milton III,0.0,0.0,0.0,0.0,0.0,0.0,0.0,0.0,0.0,0.0,0.0,0.0,0.0,0.0,0.0,0.0,0.0
4039057,Lil'Jordan Humphrey,0.0,0.0,0.0,0.0,0.0,0.0,0.0,0.0,0.0,0.0,0.0,0.0,0.0,0.0,0.0,0.0,0.0
4372096,Luke Schoonmaker,1.74118273,1.67441509,1.80143507,1.65188712,2.83504326,3.62790802,2.67920296,2.39845899,2.30333738,0.0,2.87085389,2.20969103,2.45968429,2.40002793,2.24732935,2.1930026,2.61559962
3122840,Deshaun Watson,0.0,0.0,0.0,0.0,0.0,0.0,0.0,0.0,0.0,0.0,0.0,0.0,0.0,0.0,0.0,0.0,0.0
3121427,Curtis Samuel,0.0,0.0,0.0,0.0,0.0,0.0,0.0,0.0,0.0,0.0,0.0,0.0,0.0,0.0,0.0,0.0,0.0
4039050,Devin Duvernay,0.0,0.0,0.0,0.0,0.0,0.0,0.0,0.0,0.0,0.0,0.0,0.0,0.0,0.0,0.0,0.0,0.0
2972515,Cooper Rush,0.0,0.0,0.0,0.0,0.0,0.0,0.0,0.0,0.0,0.0,0.0,0.0,0.0,0.0,0.0,0.0,0.0
4212909,David Moore,0.0,0.0,0.0,0.0,0.0,0.0,0.0,0.0,0.0,0.0,0.0,0.0,0.0,0.0,0.0,0.0,0.0
4692590,Jalin Hyatt,0.0,0.0,0.0,0.0,0.0,0.0,0.0,0.0,0.0,0.0,0.0,0.0,0.0,0.0,0.0,0.0,0.0
4383396,Hunter Luepke,0.0,0.0,0.0,0.0,0.0,0.0,0.0,0.0,0.0,0.0,0.0,0.0,0.0,0.0,0.0,0.0,0.0
4690923,Ben Sinnott,0.0,0.0,0.0,0.0,0.0,0.0,0.0,0.0,0.0,0.0,0.0,0.0,0.0,0.0,0.0,0.0,0.0
4361516,Daniel Bellinger,1.04686705,1.28674657,1.05071922,0.9698057,2.81754738,4.92172039,3.20086069,4.03120374,0.0,4.12569573,3.98468833,2.81156413,2.62075486,0.0,2.91286489,2.52245105,2.56948802
3915486,Tyler Conklin,0.0,0.0,0.0,0.0,0.0,0.0,0.0,0.0,0.0,0.0,0.0,0.0,0.0,0.0,0.0,0.0,0.0
3917668,Alec Ingold,0.0,0.0,0.0,0.0,0.0,0.0,0.0,0.0,0.0,0.0,0.0,0.0,0.0,0.0,0.0,0.0,0.0
4429955,Will Howard,0.0,0.0,0.0,0.0,0.0,0.0,0.0,0.0,0.0,0.0,0.0,0.0,0.0,0.0,0.0,0.0,0.0
4569682,Audric Estime,0.0,0.0,0.0,0.0,0.0,0.0,0.0,0.0,0.0,0.0,0.0,0.0,0.0,0.0,0.0,0.0,0.0
4428678,Jamari Thrash,0.0,0.0,0.0,0.0,0.0,0.0,0.0,0.0,0.0,0.0,0.0,0.0,0.0,0.0,0.0,0.0,0.0
5082630,Jalen Royals,0.0,0.0,0.0,0.0,0.0,0.0,0.0,0.0,0.0,0.0,0.0,0.0,0.0,0.0,0.0,0.0,0.0
2983509,Dare Ogunbowale,0.0,0.0,0.0,0.0,0.0,0.0,0.0,0.0,0.0,0.0,0.0,0.0,0.0,0.0,0.0,0.0,0.0
4241374,Grant Calcaterra,0.0,0.0,0.0,0.0,0.0,0.0,0.0,0.0,0.0,0.0,0.0,0.0,0.0,0.0,0.0,0.0,0.0
3127292,Will Dissly,0.0,0.0,0.0,0.0,0.0,0.0,0.0,0.0,0.0,0.0,0.0,0.0,0.0,0.0,0.0,0.0,0.0
4360405,Jake Bobo,0.0,0.0,0.0,0.0,0.0,0.0,0.0,0.0,0.0,0.0,0.0,0.0,0.0,0.0,0.0,0.0,0.0
4430191,Skyy Moore,0.0,0.0,0.0,0.0,0.0,0.0,0.0,0.0,0.0,0.0,0.0,0.0,0.0,0.0,0.0,0.0,0.0
16760,Jimmy Garoppolo,0.0,0.0,0.0,0.0,0.0,0.0,0.0,0.0,0.0,0.0,0.0,0.0,0.0,0.0,0.0,0.0,0.0
4911851,LeQuint Allen Jr.,0.0,0.0,0.0,0.0,0.0,0.0,0.0,0.0,0.0,0.0,0.0,0.0,0.0,0.0,0.0,0.0,0.0
4242512,Malik Willis,0.0,0.0,0.0,0.0,0.0,0.0,0.0,0.0,0.0,0.0,0.0,0.0,0.0,0.0,0.0,0.0,0.0
4240703,Kenny Pickett,0.0,0.0,0.0,0.0,0.0,0.0,0.0,0.0,0.0,0.0,0.0,0.0,0.0,0.0,0.0,0.0,0.0
4431353,Xavier Restrepo,0.0,0.0,0.0,0.0,0.0,0.0,0.0,0.0,0.0,0.0,0.0,0.0,0.0,0.0,0.0,0.0,0.0
4242214,Clyde Edwards-Helaire,0.0,0.0,0.0,0.0,0.0,0.0,0.0,0.0,0.0,0.0,0.0,0.0,0.0,0.0,0.0,0.0,0.0
4242431,Ty Chandler,0.0,0.0,0.0,0.0,0.0,0.0,0.0,0.0,0.0,0.0,0.0,0.0,0.0,0.0,0.0,0.0,0.0
4367567,Julius Chestnut,0.0,0.0,0.0,0.0,0.0,0.0,0.0,0.0,0.0,0.0,0.0,0.0,0.0,0.0,0.0,0.0,0.0
4429121,Kalel Mullings,0.0,0.0,0.0,0.0,0.0,0.0,0.0,0.0,0.0,0.0,0.0,0.0,0.0,0.0,0.0,0.0,0.0
4431562,Phil Mafah,0.0,0.0,0.0,0.0,0.0,0.0,0.0,0.0,0.0,0.0,0.0,0.0,0.0,0.0,0.0,0.0,0.0
4429676,Tyler Goodson,0.0,0.0,0.0,0.0,0.0,0.0,0.0,0.0,0.0,0.0,0.0,0.0,0.0,0.0,0.0,0.0,0.0
3921690,Josh Oliver,0.0,0.0,0.0,0.0,0.0,0.0,0.0,0.0,0.0,0.0,0.0,0.0,0.0,0.0,0.0,0.0,0.0
4038524,Gardner Minshew,0.0,0.0,0.0,0.0,0.0,0.0,0.0,0.0,0.0,0.0,0.0,0.0,0.0,0.0,0.0,0.0,0.0
4421446,Craig Reynolds,0.0,0.0,0.0,0.0,0.0,0.0,0.0,0.0,0.0,0.0,0.0,0.0,0.0,0.0,0.0,0.0,0.0
4429835,George Holani,0.0,0.0,0.0,0.0,0.0,0.0,0.0,0.0,0.0,0.0,0.0,0.0,0.0,0.0,0.0,0.0,0.0
3911853,Adam Trautman,0.0,0.0,0.0,0.0,0.0,0.0,0.0,0.0,0.0,0.0,0.0,0.0,0.0,0.0,0.0,0.0,0.0
4434153,Tyson Bagent,0.0,0.0,0.0,0.0,0.0,0.0,0.0,0.0,0.0,0.0,0.0,0.0,0.0,0.0,0.0,0.0,0.0
4426844,Elijah Higgins,2.08000995,2.62999954,2.19088872,2.07675789,1.67409908,2.71517857,3.38279681,0.0,2.49488302,3.27802096,4.70493154,2.91579708,2.45317968,2.22614248,2.14538657,2.38412589,2.62664475
3044720,Joshua Dobbs,0.0,0.0,0.0,0.0,0.0,0.0,0.0,0.0,0.0,0.0,0.0,0.0,0.0,0.0,0.0,0.0,0.0
4685201,Tanner McKee,0.0,0.0,0.0,0.0,0.0,0.0,0.0,0.0,0.0,0.0,0.0,0.0,0.0,0.0,0.0,0.0,0.0
4429684,Anthony Gould,0.0,0.0,0.0,0.0,0.0,0.0,0.0,0.0,0.0,0.0,0.0,0.0,0.0,0.0,0.0,0.0,0.0
4362477,Derius Davis,0.0,0.0,0.0,0.0,0.0,0.0,0.0,0.0,0.0,0.0,0.0,0.0,0.0,0.0,0.0,0.0,0.0
4424106,Gunner Olszewski,0.0,0.0,0.0,0.0,0.0,0.0,0.0,0.0,0.0,0.0,0.0,0.0,0.0,0.0,0.0,0.0,0.0
3039707,Mitchell Trubisky,0.0,0.0,0.0,0.0,0.0,0.0,0.0,0.0,0.0,0.0,0.0,0.0,0.0,0.0,0.0,0.0,0.0
4367209,Greg Dulcich,0.0,0.0,0.0,0.0,0.0,0.0,0.0,3.54079216,3.46876173,5.44293244,5.34728417,0.0,7.14715665,1.357202,1.36376886,1.5773996,1.46184827
3134353,Tim Patrick,0.0,0.0,0.0,0.0,0.0,0.0,0.0,0.0,0.0,0.0,0.0,0.0,0.0,0.0,0.0,0.0,0.0
4430870,KeAndre Lambert-Smith,0.0,0.0,0.0,0.0,0.0,0.0,0.0,0.0,0.0,0.0,0.0,0.0,0.0,0.0,0.0,0.0,0.0
4036032,Brittain Brown,0.0,0.0,0.0,0.0,0.0,0.0,0.0,0.0,0.0,0.0,0.0,0.0,0.0,0.0,0.0,0.0,0.0
4685397,Jordan James,0.0,0.0,0.0,0.0,0.0,0.0,0.0,0.0,0.0,0.0,0.0,0.0,0.0,0.0,0.0,0.0,0.0
3045138,Mike Williams,0.0,0.0,0.0,0.0,0.0,0.0,0.0,0.0,0.0,0.0,0.0,0.0,0.0,0.0,0.0,0.0,0.0
3061612,Jamal Agnew,0.0,0.0,0.0,0.0,0.0,0.0,0.0,0.0,0.0,0.0,0.0,0.0,0.0,0.0,0.0,0.0,0.0
4690013,Rasheen Ali,0.0,0.0,0.0,0.0,0.0,0.0,0.0,0.0,0.0,0.0,0.0,0.0,0.0,0.0,0.0,0.0,0.0
3871102,David Sills V,0.0,0.0,0.0,0.0,0.0,1.38615184,0.95328612,5.25897737,2.57277711,3.73276356,2.41346095,5.79346108,7.22305298,2.21809491,2.46157285,2.38643824,2.22177405
4035004,Mecole Hardman,0.0,0.0,0.0,0.0,0.0,0.0,0.0,0.0,0.0,0.0,0.0,0.0,0.0,0.0,0.0,0.0,0.0
4239944,Hunter Long,0.0,0.0,0.0,0.0,0.0,0.0,0.0,0.0,0.0,0.0,0.0,0.0,0.0,0.0,0.0,0.0,0.0
4426496,Cade Stover,2.27788859,0.0,0.0,0.0,0.0,0.0,0.0,0.0,0.0,0.0,1.72890193,1.65875477,2.25034297,2.29626448,2.18893733,2.11825352,2.04228815
4383429,Jacob Saylors,0.0,0.0,0.0,0.0,0.0,0.0,0.0,0.0,0.0,0.0,0.0,0.0,0.0,0.0,0.0,0.0,0.0
4715355,Darius Cooper,0.0,0.0,0.0,0.0,0.0,0.0,0.0,0.0,0.0,0.0,0.0,0.0,0.0,0.0,0.0,0.0,0.0
4696882,Devontez Walker,0.0,0.0,0.0,0.0,0.0,0.0,0.0,0.0,0.0,0.0,0.0,0.0,0.0,0.0,0.0,0.0,0.0
4365395,Julian Hill,5.20190874,3.5012084,3.65329345,1.14694825,2.82700526,2.98218348,3.91618741,0.0,0.0,0.0,4.36311841,0.0,2.48063282,2.38163602,2.38974678,2.75434771,2.55738123
4429033,Jermaine Burton,0.0,0.0,0.0,0.0,0.0,0.0,0.0,0.0,0.0,0.0,0.0,0.0,0.0,0.0,0.0,0.0,0.0
4889929,Quinn Ewers,0.0,0.0,0.0,0.0,0.0,0.0,0.0,0.0,0.0,0.0,0.0,0.0,0.0,0.0,0.0,0.0,0.0
4683243,Mitchell Evans,0.0,0.0,0.0,0.0,0.0,0.0,0.0,0.0,0.0,0.0,0.0,0.0,0.0,0.0,0.0,0.0,0.0
4689334,Malik Heath,0.0,0.0,0.0,0.0,0.0,0.0,0.0,0.0,0.0,0.0,0.0,0.0,0.0,0.0,0.0,0.0,0.0
3892775,Jarrett Stidham,0.0,0.0,0.0,0.0,0.0,0.0,0.0,0.0,0.0,0.0,0.0,0.0,0.0,0.0,0.0,0.0,0.0
4374033,Jermar Jefferson,0.0,0.0,0.0,0.0,0.0,0.0,0.0,0.0,0.0,0.0,0.0,0.0,0.0,0.0,0.0,0.0,0.0
4386544,Xavier Smith,0.0,0.0,0.0,0.0,0.0,0.0,0.0,0.0,0.0,0.0,0.0,0.0,0.0,0.0,0.0,0.0,0.0
4241263,Charlie Kolar,0.0,0.0,0.0,0.0,0.0,0.0,0.0,0.0,0.0,0.0,0.0,0.0,0.0,0.0,0.0,0.0,0.0
3123075,Braxton Berrios,0.0,0.0,0.0,0.0,0.0,0.0,0.0,0.0,0.0,0.0,0.0,0.0,0.0,0.0,0.0,0.0,0.0
4040612,Luke Farrell,0.0,0.0,0.0,0.0,0.0,0.0,0.0,0.0,0.0,0.0,0.0,0.0,0.0,0.0,0.0,0.0,0.0
3059722,Zay Jones,0.0,0.0,0.0,0.0,0.0,0.0,0.0,0.0,0.0,0.0,0.0,0.0,0.0,0.0,0.0,0.0,0.0
4567156,Treylon Burks,0.0,0.0,0.0,0.0,0.0,0.0,0.0,0.0,0.0,3.34772795,0.0,0.0,3.06987904,3.23176947,3.19822945,3.00024609,3.34608915
4241424,Tylan Wallace,0.0,0.0,0.0,0.0,0.0,0.0,0.0,0.0,0.0,0.0,0.0,0.0,0.0,0.0,0.0,0.0,0.0
4372716,Nikko Remigio,0.0,0.0,0.0,0.0,0.0,0.0,0.0,0.0,0.0,0.0,0.0,0.0,0.0,0.0,0.0,0.0,0.0
4565185,Tai Felton,0.0,0.0,0.0,0.0,0.0,0.0,0.0,0.0,0.0,0.0,0.0,0.0,0.0,0.0,0.0,0.0,0.0
2998565,Mo Alie-Cox,0.0,0.0,0.0,0.0,0.0,0.0,0.0,0.0,0.0,0.0,0.0,0.0,0.0,0.0,0.0,0.0,0.0
3115293,Kyle Allen,0.0,0.0,0.0,0.0,0.0,0.0,0.0,0.0,0.0,0.0,0.0,0.0,0.0,0.0,0.0,0.0,0.0
4573699,Jackson Hawes,0.0,0.0,0.0,0.0,0.0,0.0,0.0,0.0,0.0,0.0,0.0,0.0,0.0,0.0,0.0,0.0,0.0
3914397,Scotty Miller,0.0,0.0,0.0,0.0,0.0,0.0,0.0,0.0,0.0,0.0,0.0,0.0,0.0,0.0,0.0,0.0,0.0
4426485,Jonathan Mingo,0.0,0.0,0.0,0.0,0.0,0.0,0.0,0.0,0.0,0.0,0.0,0.0,0.0,0.0,0.0,0.0,0.0
4426553,Davis Allen,0.27022145,3.56127175,1.78181781,2.3104223,2.79477802,1.92438777,2.48145071,0.0,1.80736187,3.23811529,2.45185108,3.8644884,4.40428686,4.46717288,4.51877504,4.22904762,4.47793245
4240391,Tommy DeVito,0.0,0.0,0.0,0.0,0.0,0.0,0.0,0.0,0.0,0.0,0.0,0.0,0.0,0.0,0.0,0.0,0.0
4035656,Ben Skowronek,0.0,0.0,0.0,0.0,0.0,0.0,0.0,0.0,0.0,0.0,0.0,0.0,0.0,0.0,0.0,0.0,0.0
4361259,Zach Wilson,0.0,0.0,0.0,0.0,0.0,0.0,0.0,0.0,0.0,0.0,0.0,0.0,0.0,0.0,0.0,0.0,0.0
4429105,Arian Smith,0.0,0.0,0.0,0.0,0.0,0.0,0.0,0.0,0.0,0.0,0.0,0.0,0.0,0.0,0.0,0.0,0.0
2975417,Patrick Ricard,0.0,0.0,0.0,0.0,0.0,0.0,0.0,0.0,0.0,0.0,0.0,0.0,0.0,0.0,0.0,0.0,0.0
4683423,Riley Leonard,0.0,0.0,0.0,0.0,0.0,0.0,0.0,0.0,0.0,0.0,0.0,0.0,0.0,0.0,0.0,0.0,0.0
2310331,Tyler Johnson,0.0,0.0,0.0,0.0,0.0,0.0,0.0,0.0,0.0,0.0,0.0,0.0,0.0,0.0,0.0,0.0,0.0
4690143,LaJohntay Wester,0.0,0.0,0.0,0.0,0.0,0.0,0.0,0.0,0.0,0.0,0.0,0.0,0.0,0.0,0.0,0.0,0.0
3924327,Drew Lock,0.0,0.0,0.0,0.0,0.0,0.0,0.0,0.0,0.0,0.0,0.0,0.0,0.0,0.0,0.0,0.0,0.0
4573697,Mason Tipton,0.0,0.0,1.93047009,0.0,0.0,0.0,0.0,0.58934282,0.50246406,3.40042724,0.0,4.75011121,4.46615396,4.47981668,4.26826215,4.14154592,4.54941224
4366963,Dylan Laube,0.0,0.0,0.0,0.0,0.0,0.0,0.0,0.0,0.0,0.0,0.0,0.0,0.0,0.0,0.0,0.0,0.0
4383351,Trey Lance,0.0,0.0,0.0,0.0,0.0,0.0,0.0,0.0,0.0,0.0,0.0,0.0,0.0,0.0,0.0,0.0,0.0
4012556,C.J. Ham,0.0,0.0,0.0,0.0,0.0,0.0,0.0,0.0,0.0,0.0,0.0,0.0,0.0,0.0,0.0,0.0,0.0
4379401,John FitzPatrick,0.0,0.55744117,0.52212623,1.78620397,0.0,1.69420555,1.11015389,1.09187232,2.16018112,2.24413107,1.58145426,2.12970509,2.0867863,2.10782235,1.86164516,2.12946422,1.97226094
4037457,Travis Homer,0.0,0.0,0.0,0.0,0.0,0.0,0.0,0.0,0.0,0.0,0.0,0.0,0.0,0.0,0.0,0.0,0.0
4426875,Sam Howell,0.0,0.0,0.0,0.0,0.0,0.0,0.0,0.0,0.0,0.0,0.0,0.0,0.0,0.0,0.0,0.0,0.0
4361372,Jeremy Ruckert,0.93132406,1.62162028,2.32241905,1.23256802,1.69158875,2.10774902,2.10066151,3.11178154,0.0,1.19527942,2.05056378,3.7167002,2.81858689,2.90343341,2.72920591,2.80841747,2.75214745
4361418,Will Levis,0.0,0.0,0.0,0.0,0.0,0.0,0.0,0.0,0.0,0.0,0.0,0.0,0.0,0.0,0.0,0.0,0.0
4431210,Beaux Collins,0.0,0.0,0.0,0.0,0.0,0.0,0.0,0.0,0.0,0.0,0.0,0.0,0.0,0.0,0.0,0.0,0.0
4035886,Khalil Herbert,0.0,0.0,0.0,0.0,0.0,0.0,0.0,0.0,0.0,0.0,0.0,0.0,0.0,0.0,0.0,0.0,0.0
4048244,Alexander Mattison,0.0,0.0,0.0,0.0,0.0,0.0,0.0,0.0,0.0,0.0,0.0,0.0,0.0,0.0,0.0,0.0,0.0
4048228,John Bates,0.0,0.0,0.0,0.0,0.0,0.0,0.0,0.0,0.0,0.0,0.0,0.0,0.0,0.0,0.0,0.0,0.0
4431466,Jordan Watkins,0.0,0.0,0.0,0.0,0.0,0.0,0.0,0.0,0.0,0.0,0.0,0.0,0.0,0.0,0.0,0.0,0.0
4427278,Xavier Gipson,0.0,0.0,0.0,0.0,0.0,0.0,0.0,0.0,0.0,0.0,0.0,0.0,0.0,0.0,0.0,0.0,0.0
4259553,Stetson Bennett IV,0.0,0.0,0.0,0.0,0.0,0.0,0.0,0.0,0.0,0.0,0.0,0.0,0.0,0.0,0.0,0.0,0.0
3843945,Foster Moreau,0.0,0.0,0.0,0.0,2.17791964,1.73375091,1.80706552,1.24903326,1.0877932,1.16636982,0.0,3.73637948,2.92787873,2.94346488,2.81053107,2.72785619,2.95822589
4372485,Rondale Moore,0.0,0.0,0.0,0.0,0.0,0.0,0.0,0.0,0.0,0.0,0.0,0.0,0.0,0.0,0.0,0.0,0.0
3127310,Drew Sample,0.0,0.0,0.0,0.0,0.0,0.0,0.0,0.0,0.0,0.0,0.0,0.0,0.0,0.0,0.0,0.0,0.0
4372505,Payne Durham,0.0,0.0,0.0,0.0,0.0,0.0,0.0,0.0,0.0,0.0,0.0,0.0,0.0,0.0,0.0,0.0,0.0
4249836,Pierre Strong Jr.,0.0,0.0,0.0,0.0,0.0,0.0,0.0,0.0,0.0,0.0,0.0,0.0,0.0,0.0,0.0,0.0,0.0
4043016,Dee Eskridge,0.0,0.0,0.0,0.0,0.0,0.0,0.0,0.0,0.0,0.0,0.0,0.0,0.0,0.0,0.0,0.0,0.0
4686104,Johnny Wilson,0.0,0.0,0.0,0.0,0.0,0.0,0.0,0.0,0.0,0.0,0.0,0.0,0.0,0.0,0.0,0.0,0.0
4039160,Kylen Granson,0.0,0.0,0.0,0.0,0.0,0.0,0.0,0.0,0.0,0.0,0.0,0.0,0.0,0.0,0.0,0.0,0.0
4710855,Konata Mumpfield,0.0,0.0,0.0,0.0,0.0,0.0,0.0,0.0,0.0,0.0,0.0,0.0,0.0,0.0,0.0,0.0,0.0
4035020,Charlie Woerner,0.0,0.0,0.0,0.0,0.0,0.0,0.0,0.0,0.0,0.0,0.0,0.0,0.0,0.0,0.0,0.0,0.0
4260394,Aidan O'Connell,0.0,0.0,0.0,0.0,0.0,0.0,0.0,0.0,0.0,0.0,0.0,0.0,0.0,0.0,0.0,0.0,0.0
4596439,Dominic Lovett,0.0,0.0,0.0,0.0,0.0,0.0,0.0,0.0,0.0,0.0,0.0,0.0,0.0,0.0,0.0,0.0,0.0
4360967,Brevyn Spann-Ford,0.0,0.0,0.0,0.0,0.0,0.0,0.0,0.0,0.0,0.0,0.0,0.0,0.0,0.0,0.0,0.0,0.0
4061956,Ashton Dulin,0.0,0.0,0.0,0.0,0.0,0.0,0.0,0.0,0.0,0.0,0.0,0.0,0.0,0.0,0.0,0.0,0.0
4430637,Ja'Lynn Polk,0.0,0.0,0.0,0.0,0.0,0.0,0.0,0.0,0.0,0.0,0.0,0.0,0.0,0.0,0.0,0.0,0.0
4613104,Malachi Corley,0.0,0.0,0.0,0.0,0.0,0.88892721,0.0,1.90759102,0.0,0.06305165,0.51855944,1.71593536,2.64708221,2.66542312,2.64120023,2.59214432,2.43474569
4428796,Casey Washington,0.0,0.0,0.0,0.0,0.0,0.0,0.0,0.0,0.0,0.0,0.0,0.0,0.0,0.0,0.0,0.0,0.0
3120303,Ross Dwelley,0.0,0.0,0.0,0.0,0.0,0.0,0.0,0.0,0.0,0.0,0.0,0.0,0.0,0.0,0.0,0.0,0.0
4601080,Raheim Sanders,0.0,0.0,0.0,0.0,0.0,0.0,0.0,0.0,0.0,0.0,0.0,0.0,0.0,0.0,0.0,0.0,0.0
4912274,Sione Vaki,0.0,0.0,0.0,0.0,0.0,0.0,0.0,0.0,0.0,0.0,0.0,0.0,0.0,0.0,0.0,0.0,0.0
5160110,Jahdae Walker,0.0,0.0,0.0,0.0,0.0,0.0,0.0,0.0,0.0,0.0,0.0,0.0,0.0,0.0,0.0,0.0,0.0
4570561,Eric Gray,0.0,0.0,0.0,0.0,0.0,0.0,0.0,0.0,0.0,0.0,0.0,0.0,0.0,0.0,0.0,0.0,0.0
4708049,Gavin Bartholomew,0.0,0.0,0.0,0.0,0.0,0.0,0.0,0.0,0.0,0.0,0.0,0.0,0.0,0.0,0.0,0.0,0.0
4691688,Robbie Ouzts,0.0,0.0,0.0,0.0,0.0,0.0,0.0,0.0,0.0,0.0,0.0,0.0,0.0,0.0,0.0,0.0,0.0
2580216,DeAndre Carter,0.0,0.0,0.0,0.0,0.0,0.0,0.0,0.0,0.0,0.0,0.0,0.0,0.0,0.0,0.0,0.0,0.0
3125107,Andrew Beck,0.0,0.0,0.0,0.0,0.0,0.0,0.0,0.0,0.0,0.0,0.0,0.0,0.0,0.0,0.0,0.0,0.0
4605841,Nathan Carter,0.0,0.0,0.0,0.0,0.0,0.0,0.0,0.0,0.0,0.0,0.0,0.0,0.0,0.0,0.0,0.0,0.0
4360086,Josh Whyle,0.0,0.0,0.0,0.0,0.0,0.0,0.0,0.0,0.0,0.0,0.0,2.1814625,2.13095546,2.15213975,1.90376656,2.17364389,2.01585034
3059989,Nick Mullens,0.0,0.0,0.0,0.0,0.0,0.0,0.0,0.0,0.0,0.0,0.0,0.0,0.0,0.0,0.0,0.0,0.0
16757,Derek Carr,0.0,0.0,0.0,0.0,0.0,0.0,0.0,0.0,0.0,0.0,0.0,0.0,0.0,0.0,0.0,0.0,0.0
4045305,Ian Thomas,0.0,0.0,0.0,0.0,0.0,0.0,0.0,0.0,0.0,0.0,0.0,0.0,0.0,0.0,0.0,0.0,0.0
2574808,Robbie Chosen,0.0,0.0,0.0,0.0,0.0,0.0,0.0,0.0,0.0,0.0,0.0,0.0,0.0,0.0,0.0,0.0,0.0
3052096,Johnny Mundt,0.0,0.0,0.0,0.0,0.0,0.0,0.0,0.0,0.0,0.0,0.0,0.0,0.0,0.0,0.0,0.0,0.0
4360763,Brycen Tremayne,0.0,0.0,0.0,0.0,0.0,0.0,0.0,0.0,0.0,0.0,0.0,0.0,0.0,0.0,0.0,0.0,0.0
4241983,Cody White,0.0,0.0,0.0,0.0,0.0,0.0,0.0,0.0,0.0,0.0,0.0,0.0,0.0,0.0,0.0,0.0,0.0
4401805,Dareke Young,0.0,0.0,0.0,0.0,0.0,0.0,0.0,0.0,0.0,0.0,0.0,0.0,0.0,0.0,0.0,0.0,0.0
4426407,Trey Palmer,0.0,0.0,0.0,0.0,0.0,0.0,0.0,0.0,0.0,0.0,0.0,0.0,0.0,0.0,0.0,0.0,0.0
4568024,Josh Williams,0.0,0.0,0.0,0.0,0.0,0.0,0.0,0.0,0.0,0.0,0.0,0.0,0.0,0.0,0.0,0.0,0.0
3050481,Tanner Hudson,0.0,0.0,0.0,0.0,0.0,0.0,0.0,0.0,0.0,0.0,0.0,0.0,0.0,0.0,0.0,0.0,0.0
4035537,Kene Nwangwu,0.0,0.0,0.0,0.0,0.0,0.0,0.0,0.0,0.0,0.0,0.0,0.0,0.0,0.0,0.0,0.0,0.0
4428811,Xavier Weaver,0.0,0.0,0.0,0.0,0.0,0.0,0.0,0.0,0.0,0.0,0.0,0.0,0.0,0.0,0.0,0.0,0.0
4369466,Ryan Miller,0.0,0.0,0.0,0.0,0.0,0.0,0.0,0.0,0.0,0.0,0.0,0.0,0.0,0.0,0.0,0.0,0.0
3052897,Durham Smythe,0.0,0.0,0.0,0.0,0.0,0.0,0.0,0.0,0.0,0.0,0.0,0.0,0.0,0.0,0.0,0.0,0.0
9614,Marcedes Lewis,0.0,0.0,0.0,0.0,0.0,0.0,0.0,0.0,0.0,0.0,0.0,0.0,0.0,0.0,0.0,0.0,0.0
4259305,Bo Melton,0.0,0.0,0.0,0.0,0.0,0.0,0.0,0.0,0.0,0.0,0.0,0.0,0.0,0.0,0.0,0.0,0.0
4249030,D.J. Montgomery,0.0,0.0,0.0,0.0,0.0,0.0,0.0,0.0,0.0,0.0,0.0,0.0,0.0,0.0,0.0,0.0,0.0
4372070,Ben VanSumeren,0.0,0.0,0.0,0.0,0.0,0.0,0.0,0.0,0.0,0.0,0.0,0.0,0.0,0.0,0.0,0.0,0.0
4570738,Ke'Shawn Williams,0.0,0.0,0.0,0.0,0.0,0.0,0.0,0.0,0.0,0.0,0.0,0.0,0.0,0.0,0.0,0.0,0.0
4427391,Kenny McIntosh,0.0,0.0,0.0,0.0,0.0,0.0,0.0,0.0,0.0,0.0,0.0,0.0,0.0,0.0,0.0,0.0,0.0
4374045,Teagan Quitoriano,0.0,0.0,0.0,0.0,0.0,0.0,0.0,0.0,0.0,0.0,0.0,0.0,0.0,0.0,0.0,0.0,0.0
4431431,Corey Kiner,0.0,0.0,0.0,0.0,0.0,0.0,0.0,0.0,0.0,0.0,0.0,0.0,0.0,0.0,0.0,0.0,0.0
4243176,Brady Russell,0.0,0.0,0.0,0.0,0.0,0.0,0.0,0.0,0.0,0.0,0.0,0.0,0.0,0.0,0.0,0.0,0.0
4431506,Ja'Corey Brooks,0.0,0.0,0.0,0.0,0.0,0.0,0.0,0.0,0.0,0.0,0.0,0.0,0.0,0.0,0.0,0.0,0.0
4036335,Cedrick Wilson Jr.,0.0,0.0,0.0,0.0,0.0,0.0,0.0,0.0,2.83668872,2.15025612,2.90312735,0.0,2.27230355,2.23347364,2.24869838,2.58959426,2.38546306
4036419,Skylar Thompson,0.0,0.0,0.0,0.0,0.0,0.0,0.0,0.0,0.0,0.0,0.0,0.0,0.0,0.0,0.0,0.0,0.0
3118892,Justin Watson,0.0,0.0,0.0,0.0,0.0,0.0,0.0,0.0,0.0,0.0,0.0,0.0,0.0,0.0,0.0,0.0,0.0
3929914,Adam Prentice,0.0,0.0,0.0,0.0,0.0,0.0,0.0,0.0,0.0,0.0,0.0,0.0,0.0,0.0,0.0,0.0,0.0
4362018,Blake Whiteheart,0.0,0.0,0.0,0.0,0.0,0.0,0.0,0.0,0.0,0.0,0.0,0.0,0.0,0.0,0.0,0.0,0.0
2975674,Robert Tonyan,0.0,0.0,0.0,0.0,0.0,0.0,0.0,0.0,0.0,0.0,0.0,0.0,0.0,0.0,0.0,0.0,0.0
3139602,D'Ernest Johnson,0.0,0.0,0.0,0.0,0.0,0.0,0.0,0.0,0.0,0.0,0.0,0.0,0.0,0.0,0.0,0.0,0.0
2531358,Chris Manhertz,0.0,0.0,0.0,0.0,0.0,0.0,0.0,0.0,0.0,0.0,0.0,0.0,0.0,0.0,0.0,0.0,0.0
2975863,Eric Saubert,0.0,0.0,0.0,0.0,0.0,0.0,0.0,0.0,0.0,0.0,0.0,0.0,0.0,0.0,0.0,0.0,0.0
4360231,Lucas Krull,0.0,0.0,0.0,0.0,0.0,0.0,0.0,0.0,0.0,0.0,0.0,0.0,0.0,0.0,0.0,0.0,0.0
2574511,Brandon Allen,0.0,0.0,0.0,0.0,0.0,0.0,0.0,0.0,0.0,0.0,0.0,0.0,0.0,0.0,0.0,0.0,0.0
4427985,Bub Means,0.0,0.0,0.0,0.0,0.0,0.0,0.0,0.0,0.0,0.0,0.0,0.0,0.0,0.0,0.0,0.0,0.0
4722908,Drew Ogletree,0.0,0.0,0.0,0.0,0.0,0.0,0.0,0.0,0.0,0.0,0.0,0.0,0.0,0.0,0.0,0.0,0.0
4608362,Shane Zylstra,0.0,0.0,0.0,0.0,0.0,0.0,0.0,0.0,0.0,0.0,0.0,0.0,0.0,0.0,0.0,0.0,0.0
2515270,Michael Burton,0.0,0.0,0.0,0.0,0.0,0.0,0.0,0.0,0.0,0.0,0.0,0.0,0.0,0.0,0.0,0.0,0.0
4034948,Feleipe Franks,0.0,0.0,0.0,0.0,0.0,0.0,0.0,0.0,0.0,0.0,0.0,0.0,0.0,0.0,0.0,0.0,0.0
4034946,Kyle Trask,0.0,0.0,0.0,0.0,0.0,0.0,0.0,0.0,0.0,0.0,0.0,0.0,0.0,0.0,0.0,0.0,0.0
4567506,Tahj Washington,0.0,0.0,0.0,0.0,0.0,0.0,0.0,0.0,0.0,0.0,0.0,0.0,0.0,0.0,0.0,0.0,0.0
4575665,Jacob Cowing,0.0,0.0,0.0,0.0,0.0,0.0,0.0,0.0,0.0,0.0,0.0,0.0,0.0,0.0,0.0,0.0,0.0
4696700,Tip Reiman,0.0,0.0,0.0,0.0,0.0,0.0,0.0,0.0,0.0,0.0,0.0,0.0,0.0,0.0,0.0,0.0,0.0
4241961,Connor Heyward,0.0,0.0,0.0,0.0,0.0,0.0,0.0,0.0,0.0,0.0,0.0,0.0,0.0,0.0,0.0,0.0,0.0
4383440,Nate Adkins,0.0,0.0,0.0,0.0,0.0,0.0,0.0,0.0,0.0,0.0,0.0,0.0,0.0,0.0,0.0,0.0,0.0
4039358,Patrick Taylor Jr.,0.0,0.0,0.0,0.0,0.0,0.0,0.0,0.0,0.0,0.0,0.0,0.0,0.0,0.0,0.0,0.0,0.0
4590292,Thomas Fidone II,0.0,0.0,0.0,0.0,0.0,0.0,0.0,0.0,0.0,0.0,0.0,0.0,0.0,0.0,0.0,0.0,0.0
15168,Case Keenum,0.0,0.0,0.0,0.0,0.0,0.0,0.0,0.0,0.0,0.0,0.0,0.0,0.0,0.0,0.0,0.0,0.0
4361088,Colson Yankoff,0.0,0.0,0.0,0.0,0.0,0.0,0.0,0.0,0.0,0.0,0.0,0.0,0.0,0.0,0.0,0.0,0.0
4430723,Jared Wiley,0.0,0.0,0.0,0.0,0.0,0.0,0.0,0.0,0.0,0.0,0.0,0.0,0.0,0.0,0.0,0.0,0.0
4039505,Reggie Gilliam,0.0,0.0,0.0,0.0,0.0,0.0,0.0,0.0,0.0,0.0,0.0,0.0,0.0,0.0,0.0,0.0,0.0
4877203,Gage Larvadain,0.0,0.0,0.0,0.0,0.0,0.0,0.0,0.0,0.0,0.0,0.0,0.0,0.0,0.0,0.0,0.0,0.0
4361100,Jack Westover,0.0,0.0,0.0,0.0,0.0,0.0,0.0,0.0,0.0,0.0,0.0,0.0,0.0,0.0,0.0,0.0,0.0
11394,Josh Johnson,0.0,0.0,0.0,0.0,0.0,0.0,0.0,0.0,0.0,0.0,0.0,0.0,0.0,0.0,0.0,0.0,0.0
4240631,DeeJay Dallas,0.0,0.0,0.0,0.0,0.0,0.0,0.0,0.0,0.0,0.0,0.0,0.0,0.0,0.0,0.0,0.0,0.0
4250764,Stone Smartt,0.0,0.0,0.0,0.0,0.0,0.0,0.0,0.0,0.0,0.0,0.0,0.0,0.0,0.0,0.0,0.0,0.0
4426893,Joshua Cephus,0.0,0.0,0.0,0.0,0.0,0.0,0.0,0.0,0.0,0.0,0.0,0.0,0.0,0.0,0.0,0.0,0.0
4259324,Travis Vokolek,0.0,0.0,0.0,0.0,0.0,0.0,0.0,0.0,0.0,0.0,0.0,0.0,0.0,0.0,0.0,0.0,0.0
3120590,Easton Stick,0.0,0.0,0.0,0.0,0.0,0.0,0.0,0.0,0.0,0.0,0.0,0.0,0.0,0.0,0.0,0.0,0.0
3929636,Irvin Charles,0.0,0.0,0.0,0.0,0.0,0.0,0.0,0.0,0.0,0.0,0.0,0.0,0.0,0.0,0.0,0.0,0.0
4431479,Ricky White III,0.0,0.0,0.0,0.0,0.0,0.0,0.0,0.0,0.0,0.0,0.0,0.0,0.0,0.0,0.0,0.0,0.0
4372026,Cameron Latu,0.0,0.0,0.0,0.0,0.0,0.0,0.0,0.0,0.0,0.0,0.0,0.0,0.0,0.0,0.0,0.0,0.0
4243003,Ronnie Rivers,0.0,0.0,0.0,0.0,0.0,0.0,0.0,0.0,0.0,0.0,0.0,0.0,0.0,0.0,0.0,0.0,0.0
4243004,Jordan Mims,0.0,0.0,0.0,0.0,0.0,0.0,0.0,0.0,0.0,0.0,0.0,0.0,0.0,0.0,0.0,0.0,0.0
4876006,Zaire Mitchell-Paden,0.0,0.0,0.0,0.0,0.0,0.0,0.0,0.0,0.0,0.0,0.0,0.0,0.0,0.0,0.0,0.0,0.0
2971281,Pharaoh Brown,0.0,0.0,0.0,0.0,0.0,0.0,0.0,0.0,0.0,0.0,0.0,0.0,0.0,0.0,0.0,0.0,0.0
3919510,Alex Bachman,0.0,0.0,0.0,0.0,0.0,0.0,0.0,0.0,0.0,0.0,0.0,0.0,0.0,0.0,0.0,0.0,0.0
4361988,James Mitchell,0.0,0.0,0.0,0.0,0.0,0.0,0.0,0.0,0.0,0.0,0.0,0.0,0.0,0.0,0.0,0.0,0.0
4245131,Tim Jones,0.0,0.0,0.0,0.0,0.0,0.0,0.0,0.0,0.0,0.0,0.0,0.0,0.0,0.0,0.0,0.0,0.0
3126997,Tom Kennedy,0.0,0.0,0.0,0.0,0.0,0.0,0.0,0.0,0.0,0.0,0.0,0.0,0.0,0.0,0.0,0.0,0.0
3886809,Andre Baccellia,0.0,0.0,0.0,0.0,0.0,0.0,0.0,0.0,0.0,0.0,0.0,0.0,0.0,0.0,0.0,0.0,0.0
4362087,Keaontay Ingram,0.0,0.0,0.0,0.0,0.0,0.0,0.0,0.0,0.0,0.0,0.0,0.0,0.0,0.0,0.0,0.0,0.0
4243315,Salvon Ahmed,0.0,0.0,0.0,0.0,0.0,0.0,0.0,0.0,0.0,0.0,0.0,0.0,0.0,0.0,0.0,0.0,0.0
3122976,Jeff Wilson Jr.,0.0,0.0,0.0,0.0,0.0,0.0,0.0,0.0,0.0,0.0,0.0,0.0,0.0,0.0,0.0,0.0,0.0
4362227,Bryce Ford-Wheaton,0.0,0.0,0.0,0.0,0.0,0.0,0.0,0.0,0.0,0.0,0.0,0.0,0.0,0.0,0.0,0.0,0.0
4241410,Jelani Woods,0.0,0.0,0.0,0.0,0.0,0.0,0.0,0.0,0.0,0.0,0.0,0.0,0.0,0.0,0.0,0.0,0.0
3127306,Dante Pettis,0.0,0.0,0.0,0.0,0.0,0.0,0.0,0.0,0.0,0.0,0.0,0.0,0.0,0.0,0.0,0.0,0.0
4057082,Mason Kinsey,0.0,0.0,0.0,0.0,0.0,0.0,0.0,0.0,0.0,0.0,0.0,0.0,0.0,0.0,0.0,0.0,0.0
4040774,Harrison Bryant,0.0,0.0,0.0,0.0,0.0,0.0,0.0,0.0,0.0,0.0,0.0,0.0,0.0,0.0,0.0,0.0,0.0
2576399,Nick Vannett,0.0,0.0,0.0,0.0,0.0,0.0,0.0,0.0,0.0,0.0,0.0,0.0,0.0,0.0,0.0,0.0,0.0
4249616,Owen Wright,0.0,0.0,0.0,0.0,0.0,0.0,0.0,0.0,0.0,0.0,0.0,0.0,0.0,0.0,0.0,0.0,0.0
4433959,Ben Yurosek,0.0,0.0,0.0,0.0,0.0,0.0,0.0,0.0,0.0,0.0,0.0,0.0,0.0,0.0,0.0,0.0,0.0
4372526,Deneric Prince,0.0,0.0,0.0,0.0,0.0,0.0,0.0,0.0,0.0,0.0,0.0,0.0,0.0,0.0,0.0,0.0,0.0
4427834,Erick All Jr.,0.0,0.0,0.0,0.0,0.0,0.0,0.0,0.0,0.0,0.0,0.0,0.0,0.0,0.0,0.0,0.0,0.0
3119195,Chase Edmonds,0.0,0.0,0.0,0.0,0.0,0.0,0.0,0.0,0.0,0.0,0.0,0.0,0.0,0.0,0.0,0.0,0.0
12477,Brian Hoyer,0.0,0.0,0.0,0.0,0.0,0.0,0.0,0.0,0.0,0.0,0.0,0.0,0.0,0.0,0.0,0.0,0.0
4362504,Brevin Jordan,0.0,0.0,0.0,0.0,0.0,0.0,0.0,0.0,0.0,0.0,0.0,0.0,0.0,0.0,0.0,0.0,0.0
4245645,Gary Brightwell,0.0,0.0,0.0,0.0,0.0,0.0,0.0,0.0,0.0,0.0,0.0,0.0,0.0,0.0,0.0,0.0,0.0
2576623,DeVante Parker,0.0,0.0,0.0,0.0,0.0,0.0,0.0,0.0,0.0,0.0,0.0,0.0,0.0,0.0,0.0,0.0,0.0
4698253,Lan Larison,0.0,0.0,0.0,0.0,0.0,0.0,0.0,0.0,0.0,0.0,0.0,0.0,0.0,0.0,0.0,0.0,0.0
3121410,Parris Campbell,0.0,0.0,0.0,0.0,0.0,0.0,0.0,0.0,0.0,0.0,0.0,0.0,0.0,0.0,0.0,0.0,0.0
4034779,Ko Kieft,0.0,0.0,0.0,0.0,0.0,0.0,0.0,0.0,0.0,0.0,0.0,0.0,0.0,0.0,0.0,0.0,0.0
4034862,Jack Stoll,0.0,0.0,0.0,0.0,0.0,0.0,0.0,0.0,0.0,0.0,0.0,0.0,0.0,0.0,0.0,0.0,0.0
4362603,Brenden Bates,0.0,0.0,0.0,0.0,0.0,0.0,0.0,0.0,0.0,0.0,0.0,0.0,0.0,0.0,0.0,0.0,0.0
4362617,Bryce Oliver,0.0,0.0,0.0,0.0,0.0,0.0,0.0,0.0,0.0,0.0,0.0,0.0,0.0,0.0,0.0,0.0,0.0
3051889,Laquon Treadwell,0.0,0.0,0.0,0.0,0.0,0.0,0.0,0.0,0.0,0.0,0.0,0.0,0.0,0.0,0.0,0.0,0.0
4372758,Kevin Austin Jr.,0.0,0.0,0.0,0.0,0.0,0.0,0.0,0.0,0.0,0.0,0.0,0.0,0.0,0.0,0.0,0.0,0.0
4362523,Will Mallory,0.0,0.0,0.0,0.0,0.0,0.0,0.0,0.0,0.0,0.0,0.0,0.0,0.0,0.0,0.0,0.0,0.0
3115349,Jakob Johnson,0.0,0.0,0.0,0.0,0.0,0.0,0.0,0.0,0.0,0.0,0.0,0.0,0.0,0.0,0.0,0.0,0.0
3916204,James Proche II,0.0,0.0,0.0,0.0,0.0,0.0,0.0,0.0,0.0,0.0,0.0,2.21282178,2.30291415,2.18205623,2.51969717,2.4570291,2.33155593
16810,AJ McCarron,0.0,0.0,0.0,0.0,0.0,0.0,0.0,0.0,0.0,0.0,0.0,0.0,0.0,0.0,0.0,0.0,0.0
3912092,Donald Parham Jr.,0.0,0.0,0.0,0.0,0.0,0.0,0.0,0.0,0.0,0.0,0.0,0.0,0.0,0.0,0.0,0.0,0.0
4244049,Quintin Morris,0.0,0.0,0.0,0.0,0.0,0.0,0.0,0.0,0.0,0.0,0.0,0.0,0.0,0.0,0.0,0.0,0.0
4426335,Graham Mertz,0.0,0.0,0.0,0.0,0.0,0.0,0.0,0.0,0.0,0.0,0.0,0.0,0.0,0.0,0.0,0.0,0.0
4430431,Kurtis Rourke,0.0,0.0,0.0,0.0,0.0,0.0,0.0,0.0,0.0,0.0,0.0,0.0,0.0,0.0,0.0,0.0,0.0
4035115,Albert Okwuegbunam Jr.,0.0,0.0,0.0,0.0,0.0,0.0,0.0,0.0,0.0,0.0,0.0,0.0,0.0,0.0,0.0,0.0,0.0
4373030,Ben Sims,0.0,0.0,0.0,0.0,0.0,0.0,0.0,0.0,0.0,0.0,0.0,0.0,0.0,0.0,0.0,0.0,0.0
4878878,Amar Johnson,0.0,0.0,0.0,0.0,0.0,0.0,0.0,0.0,0.0,0.0,0.0,0.0,0.0,0.0,0.0,0.0,0.0
4360739,Simi Fehoko,0.0,0.0,0.0,0.0,0.0,0.0,0.0,0.0,0.0,0.0,0.0,0.0,0.0,0.0,0.0,0.0,0.0
4700712,Cam Grandy,0.0,0.0,0.0,0.0,0.0,0.0,0.0,0.0,0.0,0.0,0.0,0.0,0.0,0.0,0.0,0.0,0.0
4428512,Kedon Slovis,0.0,0.0,0.0,0.0,0.0,0.0,0.0,0.0,0.0,0.0,0.0,0.0,0.0,0.0,0.0,0.0,0.0
4250360,Bailey Zappe,0.0,0.0,0.0,0.0,0.0,0.0,0.0,0.0,0.0,0.0,0.0,0.0,0.0,0.0,0.0,0.0,0.0
4035222,Trayveon Williams,0.0,0.0,0.0,0.0,0.0,0.0,0.0,0.0,0.0,0.0,0.0,0.0,0.0,0.0,0.0,0.0,0.0
4430681,Jared Wayne,0.0,0.0,0.0,0.0,0.0,0.0,0.0,0.0,0.0,0.0,0.0,0.0,0.0,0.0,0.0,0.0,0.0
4430684,Treyton Welch,0.0,0.0,0.0,0.0,0.0,0.0,0.0,0.0,0.0,0.0,0.0,0.0,0.0,0.0,0.0,0.0,0.0
4248425,Carlos Washington Jr.,0.0,0.0,0.0,0.0,0.0,0.0,0.0,0.0,0.0,0.0,0.0,0.0,0.0,0.0,0.0,0.0,0.0
3916564,Tyree Jackson,0.0,0.0,0.0,0.0,0.0,0.0,0.0,0.0,0.0,0.0,0.0,0.0,0.0,0.0,0.0,0.0,0.0
4360978,David Martin-Robinson,0.0,0.0,0.0,0.0,0.0,0.0,0.0,0.0,0.0,0.0,0.0,0.0,0.0,0.0,0.0,0.0,0.0
4373273,British Brooks,0.0,0.0,0.0,0.0,0.0,0.0,0.0,0.0,0.0,0.0,0.0,0.0,0.0,0.0,0.0,0.0,0.0
4248557,E.J. Jenkins,0.0,0.0,0.0,0.0,0.0,0.0,0.0,0.0,0.0,0.0,0.0,0.0,0.0,0.0,0.0,0.0,0.0
5155825,Carter Runyon,0.0,0.0,0.0,0.0,0.0,0.0,0.0,0.0,0.0,0.0,0.0,0.0,0.0,0.0,0.0,0.0,0.0
4361112,Devin Culp,0.0,0.0,0.0,0.0,0.0,0.0,0.0,0.0,0.0,0.0,0.0,0.0,0.0,0.0,0.0,0.0,0.0
4391845,Cody Schrader,0.0,0.0,0.0,0.0,0.0,0.0,0.0,0.0,0.0,0.0,0.0,0.0,0.0,0.0,0.0,0.0,0.0
4602788,Jackson Meeks,0.0,0.0,0.0,0.0,0.0,0.0,0.0,0.0,0.0,0.0,0.0,0.0,0.0,0.0,0.0,0.0,0.0
4426689,Ulysses Bentley IV,0.0,0.0,0.0,0.0,0.0,0.0,0.0,0.0,0.0,0.0,0.0,0.0,0.0,0.0,0.0,0.0,0.0
4242369,Matt Bushman,0.0,0.0,0.0,0.0,0.0,0.0,0.0,0.0,0.0,0.0,0.0,0.0,0.0,0.0,0.0,0.0,0.0
4242558,Tucker Fisk,0.0,0.0,0.0,0.0,0.0,0.0,0.0,0.0,0.0,0.0,0.0,0.0,0.0,0.0,0.0,0.0,0.0
11387,Matthew Slater,0.0,0.0,0.0,0.0,0.0,0.0,0.0,0.0,0.0,0.0,0.0,0.0,0.0,0.0,0.0,0.0,0.0
4429012,Kendall Milton,0.0,0.0,0.0,0.0,0.0,0.0,0.0,0.0,0.0,0.0,0.0,0.0,0.0,0.0,0.0,0.0,0.0
4428943,Jacardia Wright,0.0,0.0,0.0,0.0,0.0,0.0,0.0,0.0,0.0,0.0,0.0,0.0,0.0,0.0,0.0,0.0,0.0
4035793,Quintez Cephus,0.0,0.0,0.0,0.0,0.0,0.0,0.0,0.0,0.0,0.0,0.0,0.0,0.0,0.0,0.0,0.0,0.0
3040569,Trent Taylor,0.0,0.0,0.0,0.0,0.0,0.0,0.0,0.0,0.0,0.0,0.0,0.0,0.0,0.0,0.0,0.0,0.0
4244856,Austin Trammell,0.0,0.0,0.0,0.0,0.0,0.0,0.0,0.0,0.0,0.0,0.0,0.0,0.0,0.0,0.0,0.0,0.0
4363551,Dylan Drummond,0.0,0.0,0.0,0.0,0.0,0.0,0.0,0.0,0.0,0.0,0.0,0.0,0.0,0.0,0.0,0.0,0.0
4570409,David Bell,0.0,0.0,0.0,0.0,0.0,0.0,0.0,0.0,0.0,0.0,0.0,0.0,0.0,0.0,0.0,0.0,0.0
3925347,Damien Harris,0.0,0.0,0.0,0.0,0.0,0.0,0.0,0.0,0.0,0.0,0.0,0.0,0.0,0.0,0.0,0.0,0.0
3929637,Dan Chisena,0.0,0.0,0.0,0.0,0.0,0.0,0.0,0.0,0.0,0.0,0.0,0.0,0.0,0.0,0.0,0.0,0.0
3948283,Stephen Carlson,0.0,0.0,0.0,0.0,0.0,0.0,0.0,0.0,0.0,0.0,0.0,0.0,0.0,0.0,0.0,0.0,0.0
4374187,Deven Thompkins,0.0,0.0,0.0,0.0,0.0,0.0,0.0,0.0,0.0,0.0,0.0,0.0,0.0,0.0,0.0,0.0,0.0
3049698,Anthony Firkser,0.0,0.0,0.0,0.0,0.0,0.0,0.0,0.0,0.0,0.0,0.0,0.0,0.0,0.0,0.0,0.0,0.0
4428119,Lew Nichols,0.0,0.0,0.0,0.0,0.0,0.0,0.0,0.0,0.0,0.0,0.0,0.0,0.0,0.0,0.0,0.0,0.0
4569547,Nick Kallerup,0.0,0.0,0.0,0.0,0.0,0.0,0.0,0.0,0.0,0.0,0.0,0.0,0.0,0.0,0.0,0.0,0.0
3914151,Josiah Deguara,0.0,0.0,0.0,0.0,0.0,0.0,0.0,0.0,0.0,0.0,0.0,0.0,0.0,0.0,0.0,0.0,0.0
4428396,Hayden Rucci,0.0,0.0,0.0,0.0,0.0,0.0,0.0,0.0,0.0,0.0,0.0,0.0,0.0,0.0,0.0,0.0,0.0
4688552,Keleki Latu,0.0,0.0,0.0,0.0,0.0,0.0,0.0,0.0,0.0,0.0,0.0,0.0,0.0,0.0,0.0,0.0,0.0
3115928,Malik Turner,0.0,0.0,0.0,0.0,0.0,0.0,0.0,0.0,0.0,0.0,0.0,0.0,0.0,0.0,0.0,0.0,0.0
4242442,Princeton Fant,0.0,0.0,0.0,0.0,0.0,0.0,0.0,0.0,0.0,0.0,0.0,0.0,0.0,0.0,0.0,0.0,0.0
4361332,Shedrick Jackson,0.0,0.0,0.0,0.0,0.0,0.0,0.0,0.0,0.0,0.0,0.0,0.0,0.0,0.0,0.0,0.0,0.0
4916349,Nikola Kalinic,0.0,0.0,0.0,0.0,0.0,0.0,0.0,0.0,0.0,0.0,0.0,0.0,0.0,0.0,0.0,0.0,0.0
4570296,Dalen Cambre,0.0,0.0,0.0,0.0,0.0,0.0,0.0,0.0,0.0,0.0,0.0,0.0,0.0,0.0,0.0,0.0,0.0
